,Unnamed: 0,Kommune,Bundesland,Haushalte mit niedrigem Einkommen (%),GKZ,Allgemeine Deckungsmittel (Euro je Einwohner:in),ARS,Anteil ab 65-Jährige (%),Langzeitarbeitslosenquote (%),Verschuldung im Kernhaushalt (Euro je Einwohner:in),Verwaltungstyp,socioeconomic_vulnerability_index,ags,starkregentage_jetzt,starkregentage_zukunft,trockentage_jetzt,trockentage_zukunft,tropennächte_jetzt,tropennächte_zukunft,heiße_tage_jetzt,heiße_tage_zukunft,schwüle_tage_jetzt,schwüle_tage_zukunft,climate_vulnerability_index
0,0,"Ahrweiler, LK",Rheinland-Pfalz,38.7,7131000,1.597,71310000000,25.1,1.7,1.743,Landkreis,2.283946323335594,7131000,3.2,0.7,59.9,2.5,0.0,0.8,3.7,2.4,2.6,9.2,1.8799297830076558
1,1,"Aichach-Friedberg, LK",Bayern,28.1,9771000,1.798,97710000000,20.4,0.8,621.0,Landkreis,2.4423862243007903,9771000,5.6,1.2,54.2,2.3,0.0,0.9,4.5,5.2,2.3,15.0,2.7363870585715544
2,2,"Alb-Donau-Kreis, LK",Baden-Württemberg,31.8,8425000,1.946,84250000000,19.9,0.9,425.0,Landkreis,2.2739496860148014,8425000,4.8,1.2,55.0,2.6,0.0,0.6,2.2,3.1,1.1,10.8,2.257612790243534
3,3,"Altenburger Land, LK",Th�ringen,53.6,16077000,1.758,160770000000,31.700000000000003,3.6,577.0,Landkreis,3.5017991258428225,16077000,3.0,0.9,60.4,1.5,0.0,2.0,5.9,4.7,3.7,11.3,2.3534530003905614
4,4,"Altenkirchen (Westerwald), LK",Rheinland-Pfalz,41.8,7132000,1.657,71320000000,23.0,2.6,2.463,Landkreis,2.362975666947215,7132000,6.9,1.3,56.8,3.1,0.1,1.0,4.2,2.6,3.5,10.5,2.4232416354847786
5,5,"Altmarkkreis Salzwedel, LK",Sachsen-Anhalt,51.8,15081000,1.472,150810000000,25.9,3.2,620.0,Landkreis,3.356938112381595,15081000,1.8,0.7,62.8,1.6,0.0,1.4,6.4,3.2,3.4,10.3,1.9407213410101674
6,6,"Alt�tting, LK",Bayern,36.7,9171000,2.28,91710000000,22.2,1.3,1.189,Landkreis,1.973128666293226,9171000,7.1,1.4,52.6,2.0,0.0,1.2,4.7,6.7,3.9,16.8,3.0902951885401837
7,7,"Alzey-Worms, LK",Rheinland-Pfalz,35.7,7331000,1.603,73310000000,21.3,1.8,2.321,Landkreis,2.127816078960479,7331000,2.1,0.8,63.7,2.5,0.2,3.0,8.7,6.3,5.5,12.3,2.987580264489604
8,8,"Amberg-Sulzbach, LK",Bayern,40.8,9371000,1.791,93710000000,22.0,0.9,1.581,Landkreis,2.099420462595968,9371000,4.8,1.1,58.4,2.1,0.0,0.8,4.3,4.1,1.4,11.1,2.2671022681936344
9,9,"Ammerland, LK",Niedersachsen,44.3,3451000,1.691,34510000000,23.8,1.5,434.0,Landkreis,2.740179465041161,3451000,2.8,0.7,56.5,2.4,0.1,0.7,2.8,1.5,5.1,9.4,1.74496890210357
10,10,"Anhalt-Bitterfeld, LK",Sachsen-Anhalt,52.4,15082000,1.571,150820000000,29.1,3.5,847.0,Landkreis,3.705087875851712,15082000,2.1,0.8,64.5,1.1,0.1,2.0,7.6,4.8,4.1,11.3,2.226230897156464
11,11,"Ansbach, LK",Bayern,39.7,9571000,1.823,95710000000,20.8,0.9,924.0,Landkreis,2.9719679994605053,9571000,3.4,0.9,60.1,2.5,0.0,1.6,4.0,4.7,1.8,11.2,2.507164484984399
12,12,"Aschaffenburg, LK",Bayern,34.1,9671000,1.808,96710000000,22.5,1.1,730.0,Landkreis,2.7523683902921023,9671000,5.3,1.1,58.6,3.1,0.0,2.0,5.1,5.1,3.7,12.1,2.9149579621953734
13,13,"Augsburg, LK",Bayern,29.7,9772000,1.903,97720000000,21.0,0.9,888.0,Landkreis,2.7478722201119155,9772000,6.1,1.2,53.8,2.3,0.0,0.7,3.6,4.9,2.2,14.3,2.6210219470096883
14,14,"Aurich, LK",Niedersachsen,47.3,3452000,1.796,34520000000,24.1,3.8,2.263,Landkreis,2.5952632381644167,3452000,3.0,1.0,56.5,1.7,0.1,0.7,1.5,1.0,5.3,9.4,1.651265753677783
15,15,"Bad D�rkheim, LK",Rheinland-Pfalz,33.2,7332000,1.646,73320000000,25.0,2.0,2.749,Landkreis,2.207414979018903,7332000,3.0,0.8,62.8,2.9,0.3,2.3,6.5,6.0,4.3,12.2,2.905128318193844
16,16,"Bad Kissingen, LK",Bayern,41.2,9672000,1.79,96720000000,25.5,1.5,803.0,Landkreis,3.0890853654893573,9672000,4.3,1.0,59.7,2.5,0.0,1.0,4.6,3.5,1.8,10.0,2.2236360811191043
17,17,"Bad Kreuznach, LK",Rheinland-Pfalz,39.9,7133000,1.667,71330000000,24.1,3.5,2.083,Landkreis,2.458644512179478,7133000,2.5,0.8,63.1,2.4,0.0,1.4,5.0,4.1,2.9,10.7,2.3019335920275155
18,18,"Bad T�lz-Wolfratshausen, LK",Bayern,31.7,9173000,1.821,91730000000,21.9,0.7,605.0,Landkreis,2.518704254101271,9173000,17.3,1.9,44.4,2.4,0.0,0.3,1.8,2.3,0.6,5.8,2.0659449686921243
19,19,"Bamberg, LK",Bayern,38.5,9471000,1.821,94710000000,20.2,0.8,631.0,Landkreis,2.625430791064116,9471000,3.6,1.0,59.5,2.0,0.0,1.6,5.7,4.6,2.5,12.0,2.4677199215518293
20,20,"Barnim, LK",Brandenburg,46.1,12060000,1.757,120600000000,24.5,2.8,194.0,Landkreis,2.6786196678306897,12060000,1.9,0.7,63.4,1.3,0.2,1.5,6.7,3.5,3.7,10.1,1.9114786094347784
21,21,"Bautzen, LK",Sachsen,50.7,14625000,1.609,146250000000,28.4,2.9,410.0,Landkreis,3.1374332994675136,14625000,3.6,1.0,60.2,1.1,0.3,2.1,6.6,4.4,3.7,11.2,2.2808658695862154
22,22,"Bayreuth, LK",Bayern,42.4,9472000,1.695,94720000000,23.3,1.1,1.487,Landkreis,2.208673750951436,9472000,5.3,1.3,57.4,1.9,0.0,0.8,3.1,3.1,1.3,10.4,2.1498305469114185
23,23,"Berchtesgadener Land, LK",Bayern,43.0,9172000,1.821,91720000000,23.8,1.5,780.0,Landkreis,3.040284367572354,9172000,20.0,2.2,43.8,2.0,0.0,0.5,1.7,2.2,1.0,4.8,2.069339279939862
24,24,"Bergstra�e, LK",Hessen,38.2,6431000,2.028,64310000000,23.0,1.6,1.373,Landkreis,2.109941442167746,6431000,5.7,1.2,58.9,2.9,0.4,3.7,8.3,6.7,5.6,12.9,3.4756776023752827
25,25,"Bernkastel-Wittlich, LK",Rheinland-Pfalz,42.2,7231000,1.733,72310000000,23.8,1.2,2.499,Landkreis,2.224046068812352,7231000,4.1,0.8,60.3,3.6,0.1,1.0,4.0,3.4,2.8,10.0,2.3870900684111724
26,26,"Biberach, LK",Baden-W�rttemberg,33.7,8426000,1.779,84260000000,19.4,0.9,224.0,Landkreis,2.124252354971944,8426000,5.5,1.2,53.5,2.5,0.0,0.5,3.1,4.0,1.1,12.6,2.4247865563016813
27,27,"Birkenfeld, LK",Rheinland-Pfalz,44.4,7134000,4.355,71340000000,24.9,3.5,3.232,Landkreis,1.9949070168593,7134000,5.5,0.9,60.5,3.6,0.1,0.7,2.2,2.3,1.7,8.9,2.179831827783587
28,28,"B�blingen, LK",Baden-W�rttemberg,28.9,8115000,2.071,81150000000,20.6,1.4,452.0,Landkreis,2.29948207602083,8115000,4.4,1.0,58.3,2.2,0.1,1.5,4.1,4.8,2.1,12.1,2.5246720127331295
29,29,"Bodenseekreis, LK",Baden-W�rttemberg,33.9,8435000,2.05,84350000000,23.3,1.0,474.0,Landkreis,2.4511917828758296,8435000,8.2,1.8,53.0,2.8,0.0,1.8,3.3,5.1,4.3,14.3,3.239613911531629
30,30,"B�rde, LK",Sachsen-Anhalt,51.7,15083000,1.557,150830000000,25.200000000000003,2.1,949.0,Landkreis,3.52875961630412,15083000,1.7,0.7,64.2,1.7,0.1,1.5,6.4,3.6,3.3,10.7,2.0539252432607227
31,31,"Borken, LK",Nordrhein-Westfalen,38.7,5554000,1.917,55540000000,19.8,2.0,1.037,Landkreis,2.0903358252376325,5554000,3.7,0.8,58.3,2.5,0.1,1.4,4.5,3.1,5.3,11.7,2.270324396625217
32,32,"Breisgau-Hochschwarzwald, LK",Baden-W�rttemberg,37.3,8315000,1.955,83150000000,22.8,1.3,815.0,Landkreis,2.8948800687274003,8315000,11.0,1.9,54.9,3.8,0.1,2.3,4.7,4.1,4.2,9.9,3.242379335542313
33,33,"Burgenlandkreis, LK",Sachsen-Anhalt,53.8,15084000,1.5,150840000000,28.9,3.3,1.003,Landkreis,2.8597454401474587,15084000,2.7,0.7,62.7,1.4,0.0,2.1,6.2,4.9,3.9,11.4,2.2912356846786692
34,34,"Calw, LK",Baden-W�rttemberg,35.5,8235000,1.872,82350000000,21.5,1.3,1.37,Landkreis,2.017473042587892,8235000,9.7,1.3,55.4,2.8,0.1,0.9,2.1,2.9,1.0,10.1,2.3428784557301183
35,35,"Celle, LK",Niedersachsen,45.1,3351000,1.962,33510000000,23.9,2.9,2.617,Landkreis,2.4167862572523195,3351000,2.5,0.8,58.6,1.9,0.1,1.0,5.2,3.2,3.5,10.5,1.989101562664046
36,36,"Cham, LK",Bayern,45.7,9372000,1.854,93720000000,22.3,0.8,743.0,Landkreis,2.921824271912585,9372000,5.0,1.2,54.9,2.1,0.0,0.6,3.5,3.9,1.3,10.5,2.2126620513272774
37,37,"Cloppenburg, LK",Niedersachsen,43.0,3453000,1.682,34530000000,17.0,2.0,757.0,Landkreis,2.898328301871578,3453000,2.6,0.6,56.8,2.5,0.1,0.9,3.7,2.0,5.7,9.9,1.8517490204477594
38,38,"Coburg, LK",Bayern,38.8,9473000,1.788,94730000000,24.0,1.3,886.0,Landkreis,3.064444441986985,9473000,3.4,1.1,58.6,2.0,0.0,1.0,5.3,3.7,2.0,10.0,2.171055228688177
39,39,"Cochem-Zell, LK",Rheinland-Pfalz,40.6,7135000,1.656,71350000000,25.4,1.5,1.73,Landkreis,2.292005685667182,7135000,3.7,0.8,60.8,2.9,0.0,0.7,4.0,3.1,3.1,9.8,2.1152123518072896
40,40,"Coesfeld, LK",Nordrhein-Westfalen,37.1,5558000,1.796,55580000000,22.0,1.3,609.0,Landkreis,2.6923678522521364,5558000,3.8,0.9,58.9,2.3,0.1,1.4,5.2,3.2,5.9,11.6,2.271725481796917
41,41,"Cuxhaven, LK",Niedersachsen,43.0,3352000,1.901,33520000000,26.1,3.3,1.614,Landkreis,2.5011916646812216,3352000,3.3,1.0,55.5,1.9,0.1,0.7,2.3,1.3,5.1,9.4,1.7333675599175202
42,42,"Dachau, LK",Bayern,27.5,9174000,1.873,91740000000,19.1,0.6,861.0,Landkreis,2.5983063828981887,9174000,6.5,1.2,54.2,2.4,0.0,1.0,4.6,4.9,2.3,15.0,2.7453216668976435
43,43,"Dahme-Spreewald, LK",Brandenburg,45.6,12061000,2.261,120610000000,24.4,1.7,292.0,Landkreis,2.538658418999989,12061000,2.2,0.7,64.3,1.1,0.2,2.0,7.9,4.8,4.3,11.5,2.1946573981916604
44,44,"Darmstadt-Dieburg, LK",Hessen,35.1,6432000,1.925,64320000000,21.6,2.8,1.513,Landkreis,2.167165953730273,6432000,3.8,0.9,59.9,2.8,0.2,3.3,8.6,7.0,5.3,13.1,3.2893894439334956
45,45,"Deggendorf, LK",Bayern,42.3,9271000,1.856,92710000000,21.1,0.9,1.028,Landkreis,2.0847542021690795,9271000,8.0,1.4,55.1,1.6,0.0,1.6,4.5,6.4,4.0,13.3,2.830672373897085
46,46,"Diepholz, LK",Niedersachsen,38.7,3251000,1.778,32510000000,23.0,2.2,537.0,Landkreis,2.780245417219916,3251000,2.2,0.7,58.7,1.8,0.1,1.1,4.7,2.4,4.9,10.8,1.867324740990849
47,47,"Dillingen an der Donau, LK",Bayern,36.9,9773000,1.839,97730000000,20.9,0.7,976.0,Landkreis,2.952807327345992,9773000,4.7,1.0,57.0,2.6,0.0,1.0,4.0,5.0,3.2,13.1,2.604383207555886
48,48,"Dingolfing-Landau, LK",Bayern,37.4,9279000,2.489,92790000000,19.7,1.0,600.0,Landkreis,2.440414287283672,9279000,4.7,1.1,56.2,2.0,0.0,1.6,5.4,7.0,3.6,15.4,2.9894412037678637
49,49,"Dithmarschen, LK",Schleswig-Holstein,46.1,1051000,1.932,10510000000,25.5,2.8,1.595,Landkreis,2.476533318537808,1051000,3.8,1.3,56.8,1.3,0.1,0.6,1.7,0.9,3.8,8.6,1.6077412974185177
50,50,"Donau-Ries, LK",Bayern,37.0,9779000,2.026,97790000000,20.7,0.5,585.0,Landkreis,2.490941107504166,9779000,4.0,0.9,57.2,2.5,0.0,1.1,3.9,4.7,2.6,12.5,2.4865062216790768
51,51,"Donnersbergkreis, LK",Rheinland-Pfalz,39.6,7333000,1.642,73330000000,23.0,2.7,3.863,Landkreis,2.3396851070593017,7333000,2.6,0.7,62.4,2.6,0.1,1.5,6.0,4.8,2.9,11.6,2.4597134206006244
52,52,"D�ren, LK",Nordrhein-Westfalen,41.9,5358000,1.949,53580000000,22.0,4.0,2.26,Landkreis,2.4267985699961563,5358000,3.1,0.8,59.6,2.7,0.2,1.7,4.8,3.6,4.9,11.0,2.3925715713571787
53,53,"Ebersberg, LK",Bayern,20.6,9175000,1.918,91750000000,19.0,0.6,1.375,Landkreis,1.5929521238947095,9175000,9.1,1.5,50.8,2.2,0.0,0.6,3.6,5.3,1.9,14.4,2.7599687551182392
54,54,"Eichsfeld, LK",Th�ringen,50.0,16061000,1.709,160610000000,25.3,2.0,764.0,Landkreis,3.271148360900638,16061000,3.1,0.9,59.9,1.9,0.0,0.7,2.5,2.0,1.6,9.2,1.7584443072581353
55,55,"Eichst�tt, LK",Bayern,29.8,9176000,1.784,91760000000,18.4,0.4,400.0,Landkreis,2.1478130134311693,9176000,3.9,0.9,56.7,2.4,0.0,0.9,4.4,4.5,2.5,12.5,2.4004925058479163
56,56,"Eifelkreis Bitburg-Pr�m, LK",Rheinland-Pfalz,44.4,7232000,1.746,72320000000,21.4,1.4,2.573,Landkreis,2.2105781179905257,7232000,5.1,0.8,59.5,3.8,0.0,0.5,2.2,1.9,1.8,8.9,2.098779916764307
57,57,"Elbe-Elster, LK",Brandenburg,48.5,12062000,1.818,120620000000,29.4,3.5,418.0,Landkreis,3.158268177015575,12062000,2.4,0.8,63.5,1.2,0.1,2.1,7.7,5.3,5.0,11.9,2.3628338141853447
58,58,"Emmendingen, LK",Baden-W�rttemberg,36.8,8316000,1.932,83160000000,21.9,1.1,508.0,Landkreis,2.5310214657645718,8316000,9.1,1.5,55.6,3.3,0.2,3.0,6.9,6.6,6.8,13.9,3.612125134911536
59,59,"Emsland, LK",Niedersachsen,41.9,3454000,1.823,34540000000,19.9,1.1,589.0,Landkreis,2.6665372470583097,3454000,2.8,0.8,57.3,2.6,0.1,0.9,3.9,2.0,5.3,10.5,1.9982293517106993
60,60,"Ennepe-Ruhr-Kreis, LK",Nordrhein-Westfalen,41.0,5954000,2.075,59540000000,24.3,3.5,2.936,Landkreis,2.398655597345805,5954000,6.3,1.0,56.7,2.7,0.2,2.1,4.1,2.9,4.4,10.9,2.471547314578005
61,61,"Enzkreis, LK",Baden-W�rttemberg,29.2,8236000,1.787,82360000000,21.8,1.3,357.0,Landkreis,2.293405330745162,8236000,5.5,1.1,58.2,2.3,0.0,3.6,5.4,6.8,4.7,12.8,3.275276227432502
62,62,"Erding, LK",Bayern,29.5,9177000,1.886,91770000000,17.6,0.6,896.0,Landkreis,2.62157853107262,9177000,6.8,1.3,53.9,1.9,0.0,0.9,4.4,5.7,2.6,15.0,2.7420984885708406
63,63,"Erlangen-H�chstadt, LK",Bayern,30.6,9572000,2.241,95720000000,21.200000000000003,0.8,672.0,Landkreis,2.4684506598605207,9572000,3.3,0.9,59.9,1.8,0.0,1.9,6.9,6.0,2.5,12.6,2.632079968419152
64,64,"Erzgebirgskreis, LK",Sachsen,52.1,14521000,1.511,145210000000,30.8,2.4,467.0,Landkreis,3.2573345938454628,14521000,6.2,1.4,55.2,1.4,0.0,0.6,1.5,1.4,0.6,6.6,1.6134527274178037
65,65,"Esslingen, LK",Baden-W�rttemberg,28.8,8116000,1.995,81160000000,20.9,1.8,565.0,Landkreis,2.481182561213031,8116000,5.3,1.3,55.4,2.7,0.0,2.4,5.3,6.7,3.6,13.3,3.2404443786510106
66,66,"Euskirchen, LK",Nordrhein-Westfalen,40.6,5366000,1.788,53660000000,22.4,3.4,1.487,Landkreis,2.383091478300332,5366000,4.1,0.7,59.5,2.7,0.1,0.9,2.6,1.9,2.0,8.4,1.8420663617770947
67,67,"Forchheim, LK",Bayern,35.9,9474000,2.125,94740000000,21.4,0.9,688.0,Landkreis,2.619784448586395,9474000,4.8,1.1,58.3,1.8,0.0,1.4,4.8,4.5,1.8,11.7,2.3950120527971306
68,68,"Freising, LK",Bayern,30.5,9178000,2.079,91780000000,16.4,0.8,590.0,Landkreis,2.274569724250596,9178000,5.5,1.2,55.7,2.3,0.0,0.8,4.2,5.3,2.6,15.1,2.734225849260244
69,69,"Freudenstadt, LK",Baden-W�rttemberg,35.6,8237000,2.054,82370000000,21.4,1.6,576.0,Landkreis,2.592942565672141,8237000,16.5,1.4,53.8,3.2,0.0,0.4,1.6,2.6,0.9,10.1,2.3490728375308145
70,70,"Freyung-Grafenau, LK",Bayern,45.3,9272000,1.791,92720000000,23.0,1.0,1.458,Landkreis,2.219640900146202,9272000,10.4,1.5,51.7,2.3,0.0,0.4,1.7,2.1,1.0,6.6,1.912460786413516
71,71,"Friesland, LK",Niedersachsen,45.9,3455000,1.683,34550000000,26.8,1.8,1.051,Landkreis,2.4540071508765258,3455000,3.0,0.9,56.0,2.2,0.1,0.7,1.4,1.0,4.5,9.7,1.7446922547129797
72,72,"Fulda, LK",Hessen,42.3,6631000,2.039,66310000000,21.8,1.1,1.093,Landkreis,2.089004384905861,6631000,4.3,1.0,59.1,2.3,0.0,0.9,2.7,2.4,1.2,8.9,1.9644962182774157
73,73,"F�rstenfeldbruck, LK",Bayern,24.8,9179000,1.979,91790000000,22.0,1.1,935.0,Landkreis,2.7446799445381425,9179000,7.1,1.2,52.6,2.5,0.0,0.7,3.8,4.7,1.8,14.8,2.675414393643514
74,74,"F�rth, LK",Bayern,32.0,9573000,1.713,95730000000,23.3,1.3,1.173,Landkreis,2.042782557296891,9573000,3.6,0.9,59.8,2.1,0.0,1.6,5.3,5.0,2.0,11.6,2.470218672176517
75,75,"Garmisch-Partenkirchen, LK",Bayern,40.1,9180000,1.942,91800000000,25.3,1.0,1.009,Landkreis,2.1640460211008072,9180000,16.4,2.0,42.5,2.1,0.0,0.1,0.7,1.1,0.2,1.8,1.6227526992806118
76,76,"Germersheim, LK",Rheinland-Pfalz,34.7,7334000,1.581,73340000000,20.9,1.5,2.615,Landkreis,2.0701899380941384,7334000,3.8,0.7,61.8,2.5,0.4,4.4,10.8,8.7,10.5,15.3,3.673045305078553
77,77,"Gie�en, LK",Hessen,46.7,6531000,2.129,65310000000,19.9,3.0,1.562,Landkreis,2.300265384848884,6531000,3.2,0.9,62.1,2.3,0.0,1.5,5.2,4.4,2.9,11.0,2.3935500737026447
78,78,"Gifhorn, LK",Niedersachsen,39.5,3151000,1.649,31510000000,20.9,2.2,1.006,Landkreis,2.2159121548718645,3151000,2.2,0.7,59.7,1.7,0.0,1.1,5.6,3.2,4.0,10.6,1.9235644782650692
79,79,"G�ppingen, LK",Baden-W�rttemberg,33.7,8117000,1.902,81170000000,22.1,1.7,478.0,Landkreis,2.5241027208676394,8117000,7.1,1.4,54.5,2.9,0.1,1.9,3.6,5.1,2.3,12.2,2.984118235000147
80,80,"G�rlitz, LK",Sachsen,51.7,14626000,1.985,146260000000,30.700000000000003,4.7,699.0,Landkreis,3.634873942083603,14626000,3.3,0.9,59.9,1.2,0.3,1.9,5.6,4.4,3.1,10.7,2.1922195414897594
81,81,"Goslar, LK",Niedersachsen,47.1,3153000,1.969,31530000000,27.9,3.2,1.06,Landkreis,2.601434541307728,3153000,7.2,1.1,55.8,1.2,0.0,1.0,2.1,1.7,1.5,8.1,1.6375987426454839
82,82,"Gotha, LK",Th�ringen,51.4,16067000,1.816,160670000000,26.2,2.5,561.0,Landkreis,3.149398746472361,16067000,3.5,0.7,60.2,1.1,0.0,1.0,3.1,2.6,1.9,9.1,1.6028482607435777
83,83,"G�ttingen, LK",Niedersachsen,47.4,3159000,1.982,31590000000,23.4,3.6,1.545,Landkreis,2.5141055540799653,3159000,4.6,1.2,58.0,2.1,0.0,0.8,3.0,2.3,2.0,9.1,1.9846363582914428
84,84,Grafschaft Bentheim,Niedersachsen,42.9,3456000,1.74,34560000000,21.3,1.4,914.0,Landkreis,3.1057913864643742,3456000,3.2,0.8,58.4,2.5,0.1,1.1,4.6,2.5,5.3,11.2,2.112773445210168
85,85,"Greiz, LK",Th�ringen,51.9,16076000,1.744,160760000000,30.8,2.3,556.0,Landkreis,3.283724210776969,16076000,3.3,0.9,59.7,1.2,0.0,1.0,4.2,3.2,2.4,10.2,1.848056014009802
86,86,"Gro�-Gerau, LK",Hessen,38.0,6433000,2.065,64330000000,19.700000000000003,2.3,2.329,Landkreis,2.077969669043667,6433000,2.3,0.8,63.1,2.3,0.6,4.3,12.0,7.8,6.8,12.7,3.3910864945678423
87,87,"G�nzburg, LK",Bayern,37.6,9774000,1.899,97740000000,20.0,0.6,438.0,Landkreis,2.369549026897887,9774000,5.7,1.2,54.4,2.5,0.0,0.7,3.5,4.8,2.7,14.1,2.645241979850411
88,88,"G�tersloh, LK",Nordrhein-Westfalen,35.4,5754000,2.094,57540000000,20.3,2.0,555.0,Landkreis,2.570795964463938,5754000,3.6,1.0,57.9,2.2,0.1,1.5,5.3,3.2,4.7,11.8,2.322906823898975
89,89,"Hameln-Pyrmont, LK",Niedersachsen,45.6,3252000,2.014,32520000000,25.700000000000003,3.5,2.329,Landkreis,2.5340001379130963,3252000,4.3,0.9,57.3,1.7,0.0,1.0,3.6,2.4,3.2,10.5,1.8930067529260581
90,90,"Harburg, LK",Niedersachsen,36.1,3353000,1.823,33530000000,22.5,1.9,757.0,Landkreis,2.8998005429931366,3353000,2.7,0.6,57.9,1.4,0.1,0.8,3.4,2.4,3.3,9.8,1.6102610459476145
91,91,"Harz, LK",Sachsen-Anhalt,51.7,15085000,1.525,150850000000,29.6,2.5,1.453,Landkreis,2.750796915914713,15085000,3.2,0.8,62.4,1.1,0.0,1.1,3.3,2.6,2.1,8.9,1.654029602845636
92,92,"Ha�berge, LK",Bayern,40.3,9674000,1.677,96740000000,22.2,1.1,834.0,Landkreis,2.9860191702050747,9674000,3.1,0.9,60.5,2.4,0.0,1.5,5.6,4.5,2.4,11.9,2.48242527895716
93,93,"Havelland, LK",Brandenburg,45.7,12063000,1.766,120630000000,23.2,2.9,343.0,Landkreis,2.792795335111524,12063000,1.7,0.7,63.5,1.3,0.1,1.7,7.4,3.8,4.1,10.2,1.991129435282359
94,94,"Heidekreis, LK",Niedersachsen,45.0,3358000,1.841,33580000000,22.7,3.7,1.871,Landkreis,2.491936234804011,3358000,2.6,0.8,57.7,1.7,0.1,1.0,4.7,2.7,3.3,10.3,1.8721064887724208
95,95,"Heidenheim, LK",Baden-W�rttemberg,35.3,8135000,2.012,81350000000,22.3,1.6,1.028,Landkreis,2.0408422904379107,8135000,5.3,1.2,56.3,3.0,0.0,0.8,2.4,3.5,1.5,11.4,2.4737578689646775
96,96,"Heilbronn, LK",Baden-W�rttemberg,32.0,8125000,1.938,81250000000,19.9,1.4,359.0,Landkreis,2.267250340876486,8125000,4.6,1.1,59.2,2.5,0.1,3.2,8.0,7.3,6.7,14.2,3.3852685002036793
97,97,"Heinsberg, LK",Nordrhein-Westfalen,41.1,5370000,1.755,53700000000,21.8,2.7,940.0,Landkreis,3.254942986831576,5370000,2.8,0.8,59.8,2.9,0.2,2.1,5.4,4.1,6.4,12.2,2.647521827321633
98,98,"Helmstedt, LK",Niedersachsen,42.3,3154000,1.793,31540000000,23.8,3.4,2.988,Landkreis,2.4553815463231983,3154000,2.0,0.7,61.4,1.8,0.1,1.3,5.2,3.1,3.2,10.6,1.9750954354755397
99,99,"Herford, LK",Nordrhein-Westfalen,41.1,5758000,1.85,57580000000,22.6,2.9,2.287,Landkreis,2.3306532094410946,5758000,3.7,0.8,58.7,2.2,0.1,1.3,4.9,2.7,4.0,11.2,2.1035490658032328
100,100,"Hersfeld-Rotenburg, LK",Hessen,44.8,6632000,2.059,66320000000,24.6,1.8,3.706,Landkreis,2.292098249292246,6632000,3.1,0.8,60.2,2.0,0.0,0.6,3.2,2.7,1.5,9.8,1.835341782890068
101,101,Herzogtum Lauenburg,Schleswig-Holstein,39.2,1053000,1.722,10530000000,22.7,2.7,961.0,Landkreis,3.276493093810455,1053000,2.6,0.6,59.3,1.9,0.0,0.8,3.5,2.1,2.7,9.1,1.6531592397078771
102,102,"Hildburghausen, LK",Th�ringen,51.6,16069000,1.578,160690000000,26.200000000000003,1.6,316.0,Landkreis,2.856121390856976,16069000,3.8,1.2,58.1,2.1,0.0,0.9,2.9,2.4,1.1,8.4,1.974071787635594
103,103,"Hildesheim, LK",Niedersachsen,43.0,3254000,1.828,32540000000,23.8,3.7,2.075,Landkreis,2.492391467960009,3254000,3.1,0.8,59.4,1.6,0.0,1.2,4.3,2.9,3.4,10.4,1.9164535379369139
104,104,"Hochsauerlandkreis, LK",Nordrhein-Westfalen,39.4,5958000,1.904,59580000000,22.9,2.3,1.316,Landkreis,2.2312387519519365,5958000,6.8,1.1,55.5,2.1,0.0,0.5,1.5,1.3,1.1,7.7,1.6840587059411471
105,105,"Hochtaunuskreis, LK",Hessen,22.1,6434000,2.247,64340000000,23.0,2.6,3.641,Landkreis,1.891376916162003,6434000,4.3,1.1,60.7,2.8,0.1,1.1,3.0,3.4,1.8,10.3,2.3645136465380756
106,106,"Hof, LK",Bayern,44.1,9475000,1.814,94750000000,26.200000000000003,1.2,1.054,Landkreis,2.3106679962999013,9475000,5.3,1.1,57.2,1.8,0.0,0.3,1.8,1.6,0.5,8.1,1.6317067306682795
107,107,"Hohenlohekreis, LK",Baden-W�rttemberg,33.5,8126000,2.077,81260000000,20.3,1.2,524.0,Landkreis,2.421500744292424,8126000,5.1,1.2,59.2,2.3,0.0,2.6,5.8,6.1,3.6,12.9,3.048168667766957
108,108,"Holzminden, LK",Niedersachsen,45.5,3255000,1.799,32550000000,26.9,3.6,2.078,Landkreis,2.624243499449034,3255000,4.4,0.8,56.7,1.9,0.0,0.8,3.1,2.2,2.6,10.1,1.8111338238443802
109,109,"H�xter, LK",Nordrhein-Westfalen,46.1,5762000,1.73,57620000000,23.700000000000003,1.8,823.0,Landkreis,3.187841907283272,5762000,4.7,0.9,57.8,2.0,0.0,0.8,3.0,2.3,2.5,10.0,1.8839634804446517
110,110,"Ilm-Kreis, LK",Th�ringen,51.5,16070000,1.851,160700000000,26.9,2.6,833.0,Landkreis,3.451233060589624,16070000,4.3,0.9,58.8,1.2,0.0,0.9,2.3,2.2,1.2,8.1,1.5885056421369148
111,111,"Jerichower Land, LK",Sachsen-Anhalt,53.0,15086000,1.459,150860000000,27.2,3.6,1.016,Landkreis,2.836513176175275,15086000,1.6,0.8,65.0,1.6,0.1,1.8,7.9,4.1,3.5,10.8,2.195841155052726
112,112,"Kaiserslautern, LK",Rheinland-Pfalz,39.9,7335000,1.769,73350000000,22.7,2.5,3.942,Landkreis,2.287282360792667,7335000,4.1,1.0,61.2,3.1,0.1,1.5,5.3,5.3,3.8,11.3,2.748809943767612
113,113,"Karlsruhe, LK",Baden-Württemberg,34.6,8215000,1.844,82150000000,21.8,1.2,732.0,Landkreis,2.745711149948906,8215000,4.8,1.0,59.8,2.7,0.3,4.5,9.9,8.3,9.0,15.0,3.8068728240921557
114,114,"Kassel, LK",Hessen,39.8,6633000,1.931,66330000000,25.4,1.8,1.801,Landkreis,2.252770843289161,6633000,3.4,0.8,59.4,2.4,0.0,0.7,2.7,2.7,2.1,9.7,1.9442353403130366
115,115,"Kelheim, LK",Bayern,37.8,9273000,1.806,92730000000,19.4,1.0,347.0,Landkreis,2.326591344052269,9273000,4.1,1.0,56.9,2.1,0.0,1.1,5.7,5.7,3.3,14.0,2.6389746303318926
116,116,"Kitzingen, LK",Bayern,41.4,9675000,1.843,96750000000,21.3,0.6,533.0,Landkreis,2.5835833961656824,9675000,2.5,0.9,61.2,2.0,0.0,2.3,7.6,5.7,3.0,12.4,2.7117428680617675
117,117,"Kleve, LK",Nordrhein-Westfalen,39.0,5154000,1.842,51540000000,21.5,3.1,889.0,Landkreis,3.1827763662136888,5154000,2.8,0.7,59.9,3.0,0.1,1.8,5.6,3.4,7.0,12.2,2.4885697907348847
118,118,"Konstanz, LK",Baden-W�rttemberg,40.0,8335000,2.028,83350000000,21.6,1.6,427.0,Landkreis,2.531185546914936,8335000,5.6,1.4,54.9,3.1,0.0,0.8,3.6,5.3,3.4,12.4,2.8509442757612793
119,119,"Kronach, LK",Bayern,40.0,9476000,1.803,94760000000,25.3,1.2,1.11,Landkreis,2.213746481097942,9476000,6.4,1.2,56.6,2.3,0.0,0.5,2.8,2.4,0.9,8.7,1.961116605562765
120,120,"Kulmbach, LK",Bayern,43.3,9477000,1.835,94770000000,25.0,1.4,957.0,Landkreis,3.246788081586696,9477000,4.6,1.2,57.6,2.2,0.0,0.8,3.8,3.1,1.5,10.0,2.153971333660901
121,121,"Kusel, LK",Rheinland-Pfalz,39.8,7336000,1.682,73360000000,25.3,2.3,6.465,Landkreis,2.3620989603362,7336000,4.4,0.9,61.9,2.9,0.0,1.2,4.3,4.3,3.4,11.4,2.489898958083983
122,122,"Kyffh�userkreis, LK",Th�ringen,52.5,16065000,1.837,160650000000,28.8,4.2,1.071,Landkreis,2.8615148048913284,16065000,2.2,0.6,63.5,1.4,0.0,1.1,4.5,3.4,2.8,10.6,1.831646151714059
123,123,"Lahn-Dill-Kreis, LK",Hessen,41.2,6532000,2.031,65320000000,22.8,2.9,2.746,Landkreis,2.300588803961816,6532000,5.3,1.0,60.5,2.9,0.0,0.8,3.6,2.8,1.9,9.6,2.1753891961582235
124,124,"Landsberg am Lech, LK",Bayern,32.6,9181000,2.016,91810000000,20.7,0.7,1.245,Landkreis,1.84585100948903,9181000,8.4,1.4,51.0,2.7,0.0,0.4,2.3,3.5,1.3,12.8,2.49418778005955
125,125,"Landshut, LK",Bayern,37.0,9274000,2.025,92740000000,19.3,1.0,502.0,Landkreis,2.4202133224108016,9274000,5.1,1.1,56.3,2.1,0.0,1.2,5.3,5.4,3.0,14.8,2.7151970233370712
126,126,"Leer, LK",Niedersachsen,47.6,3457000,1.686,34570000000,22.1,3.0,1.17,Landkreis,2.475098428875445,3457000,2.8,0.9,56.6,2.4,0.1,0.7,2.2,1.4,5.4,9.6,1.832335932873899
127,127,"Leipzig, LK",Sachsen,49.3,14729000,1.571,147290000000,27.3,2.7,487.0,Landkreis,3.143932485297454,14729000,2.6,0.8,61.9,1.3,0.2,2.3,7.1,5.2,4.3,11.6,2.3965076285386715
128,128,"Lichtenfels, LK",Bayern,42.5,9478000,1.877,94780000000,23.5,1.4,1.483,Landkreis,2.210895863671094,9478000,3.5,1.0,58.9,1.8,0.0,1.3,5.3,4.1,2.0,11.2,2.256187032534153
129,129,"Limburg-Weilburg, LK",Hessen,42.7,6533000,2.094,65330000000,22.3,1.9,1.411,Landkreis,2.1876032652345687,6533000,3.5,1.1,61.5,2.3,0.0,1.2,5.2,3.9,3.5,10.4,2.3284975159479084
130,130,"Lindau (Bodensee), LK",Bayern,39.0,9776000,1.899,97760000000,23.1,0.7,941.0,Landkreis,3.0074354602982925,9776000,15.8,2.1,48.7,3.0,0.0,0.6,1.9,2.9,1.3,8.8,2.6021191085129707
131,131,"Lippe, LK",Nordrhein-Westfalen,44.7,5766000,1.952,57660000000,23.1,3.4,2.311,Landkreis,2.442587711882988,5766000,5.1,1.1,56.5,2.2,0.1,1.2,3.4,2.3,2.7,10.7,2.1386370890185162
132,132,"L�rrach, LK",Baden-W�rttemberg,38.8,8336000,2.043,83360000000,21.1,2.2,568.0,Landkreis,2.70067872178696,8336000,14.4,1.7,55.2,3.9,0.1,2.0,4.3,5.2,4.0,11.7,3.353988446952994
133,133,"L�chow-Dannenberg, LK",Niedersachsen,47.6,3354000,2.15,33540000000,28.6,4.7,2.321,Landkreis,2.7590103749303303,3354000,1.8,0.6,61.5,1.7,0.0,1.0,5.7,3.1,3.6,10.0,1.8132698356704
134,134,"Ludwigsburg, LK",Baden-W�rttemberg,30.0,8118000,2.009,81180000000,20.4,1.3,406.0,Landkreis,2.2684594907703897,8118000,3.8,1.1,58.7,2.4,0.1,3.2,6.9,7.6,6.4,13.7,3.3661798302529404
135,135,"Ludwigslust-Parchim, LK",Mecklenburg-Vorpommern,50.5,13076000,1.614,130760000000,25.5,3.0,981.0,Landkreis,3.635785264930527,13076000,2.0,0.6,61.4,1.8,0.1,0.9,3.8,2.3,2.9,9.4,1.6898032076398775
136,136,"L�neburg, LK",Niedersachsen,43.1,3355000,1.874,33550000000,20.8,2.9,2.468,Landkreis,2.307366943423673,3355000,2.3,0.6,60.1,1.4,0.0,0.8,4.5,2.7,3.0,9.7,1.6387914236159231
137,137,"Main-Kinzig-Kreis, LK",Hessen,38.4,6435000,2.182,64350000000,22.1,2.4,2.049,Landkreis,2.1426481915564866,6435000,4.9,1.3,59.3,2.7,0.1,1.8,5.0,4.5,3.2,11.3,2.7508761375614714
138,138,"Main-Spessart, LK",Bayern,36.4,9677000,1.772,96770000000,24.1,0.7,987.0,Landkreis,3.0648055814920974,9677000,4.9,1.0,60.3,2.5,0.0,1.3,5.1,4.6,2.5,11.5,2.4981821064257788
139,139,"Main-Tauber-Kreis, LK",Baden-W�rttemberg,36.9,8128000,1.998,81280000000,23.3,1.1,754.0,Landkreis,2.8098659282014418,8128000,3.3,1.0,61.1,2.6,0.0,2.2,5.5,5.2,2.8,12.2,2.809094402378643
140,140,"Main-Taunus-Kreis, LK",Hessen,24.8,6436000,2.612,64360000000,21.4,2.1,2.775,Landkreis,1.758329422089966,6436000,3.1,1.0,61.9,3.1,0.3,2.2,6.3,5.0,3.7,11.3,2.8515820871077073
141,141,"Mainz-Bingen, LK",Rheinland-Pfalz,29.5,7339000,2.239,73390000000,21.9,1.7,734.0,Landkreis,2.632052101163492,7339000,2.1,0.8,63.9,2.9,0.3,2.7,8.3,6.0,5.3,11.2,2.9240358812190546
142,142,"Mansfeld-S�dharz, LK",Sachsen-Anhalt,54.2,15087000,1.485,150870000000,31.0,5.6,1.735,Landkreis,3.186159286562758,15087000,2.2,0.7,63.8,1.1,0.0,1.0,4.4,2.9,2.8,9.5,1.6611405431737911
143,143,"Marburg-Biedenkopf, LK",Hessen,45.5,6534000,3.688,65340000000,20.3,1.8,1.449,Landkreis,1.8294233410440457,6534000,3.9,0.8,61.8,2.3,0.0,0.7,3.6,3.1,1.9,9.6,1.960450447045385
144,144,"M�rkischer Kreis, LK",Nordrhein-Westfalen,39.6,5962000,1.997,59620000000,22.7,4.0,2.219,Landkreis,2.3968685184177847,5962000,8.7,1.1,54.4,2.4,0.1,0.9,2.3,2.0,2.2,9.2,2.003664134319395
145,145,"M�rkisch-Oderland, LK",Brandenburg,46.4,12064000,1.734,120640000000,25.0,2.8,539.0,Landkreis,3.05325204655142,12064000,2.0,0.7,64.4,0.8,0.2,1.9,6.9,4.0,4.5,10.3,1.9402383892087571
146,146,"Mayen-Koblenz, LK",Rheinland-Pfalz,39.4,7137000,1.679,71370000000,22.9,1.3,2.247,Landkreis,2.169860614832582,7137000,2.7,0.7,60.9,2.6,0.0,1.3,5.4,3.4,3.8,10.3,2.1821972417152766
147,147,"Mecklenburgische Seenplatte, LK",Mecklenburg-Vorpommern,52.5,13071000,1.745,130710000000,27.700000000000003,4.9,876.0,Landkreis,3.811505265581613,13071000,1.8,0.6,63.2,1.2,0.1,0.9,3.6,1.8,3.5,9.5,1.4954271813672995
148,148,"Mei�en, LK",Sachsen,51.1,14627000,1.637,146270000000,28.4,3.0,469.0,Landkreis,3.2093468888623904,14627000,3.1,0.8,62.1,1.1,0.2,2.4,7.2,5.1,4.9,11.8,2.368906933088078
149,149,"Merzig-Wadern, LK",Saarland,43.0,10042000,1.592,100420000000,23.9,2.2,1.728,Landkreis,2.3800840990910666,10042000,6.8,1.3,60.6,4.2,0.2,1.5,4.3,3.7,3.4,11.2,2.951289061351677
150,150,"Mettmann, LK",Nordrhein-Westfalen,33.3,5158000,2.514,51580000000,24.1,3.7,1.686,Landkreis,2.184542763887352,5158000,5.1,1.2,57.7,2.7,0.5,2.5,5.5,3.9,4.7,11.7,2.7994967852208346
151,151,"Miesbach, LK",Bayern,31.0,9182000,2.198,91820000000,22.9,0.8,2.036,Landkreis,1.856566728203554,9182000,19.6,1.8,44.8,2.9,0.0,0.4,1.2,1.8,0.4,5.2,2.0679366199253315
152,152,"Miltenberg, LK",Bayern,36.6,9676000,1.858,96760000000,22.4,1.0,779.0,Landkreis,2.821638481530255,9676000,4.5,1.1,59.9,2.4,0.0,1.9,4.9,5.5,3.4,12.0,2.7687080829333235
153,153,"Minden-L�bbecke, LK",Nordrhein-Westfalen,42.5,5770000,2.106,57700000000,22.5,2.8,1.025,Landkreis,2.2860128625057587,5770000,2.7,0.8,59.0,2.1,0.1,1.3,5.3,2.8,4.5,11.1,2.0852814139148914
154,154,"Mittelsachsen, LK",Sachsen,51.3,14522000,1.575,145220000000,29.0,2.7,370.0,Landkreis,3.1106277436035112,14522000,4.1,1.0,58.7,1.2,0.1,1.6,4.2,3.2,2.1,9.5,1.9675146670362298
155,155,"M�hldorf am Inn, LK",Bayern,36.8,9183000,1.925,91830000000,20.3,1.5,911.0,Landkreis,2.937004235176853,9183000,7.0,1.2,53.1,2.0,0.0,0.8,4.3,6.0,3.9,16.1,2.8027808574704247
156,156,"M�nchen, LK",Bayern,22.8,9184000,4.128,91840000000,20.8,1.1,1.059,Landkreis,1.27294717399185,9184000,9.0,1.5,50.8,2.4,0.0,1.1,3.6,4.7,1.5,13.8,2.8009472154678967
157,157,"Neckar-Odenwald-Kreis, LK",Baden-W�rttemberg,39.1,8225000,1.799,82250000000,22.6,1.6,829.0,Landkreis,3.000844442261021,8225000,5.7,1.2,59.7,2.7,0.0,1.7,4.4,5.1,2.8,12.1,2.8043745984150785
158,158,"Neuburg-Schrobenhausen, LK",Bayern,35.1,9185000,1.839,91850000000,19.8,0.6,1.07,Landkreis,1.8894093520171773,9185000,4.5,1.0,56.9,2.2,0.0,1.2,5.2,6.0,3.3,14.3,2.7347318987565044
159,159,"Neumarkt in der Oberpfalz, LK",Bayern,39.3,9373000,1.836,93730000000,19.9,0.6,360.0,Landkreis,2.3308911712376013,9373000,4.9,1.1,56.6,2.2,0.0,1.0,4.1,3.8,1.6,11.1,2.2956447196569782
160,160,"Neunkirchen, LK",Saarland,45.0,10043000,1.827,100430000000,25.2,3.7,2.029,Landkreis,2.5696830123961583,10043000,5.8,1.2,61.2,3.6,0.1,1.7,4.7,4.8,3.9,11.4,2.9425108874134365
161,161,"Neustadt an der Aisch-Bad Windsheim, LK",Bayern,40.4,9575000,1.807,95750000000,21.6,0.8,723.0,Landkreis,2.796962324086904,9575000,3.1,0.9,60.6,2.1,0.0,2.1,5.7,5.3,2.2,11.9,2.620597789340624
162,162,"Neustadt an der Waldnaab, LK",Bayern,42.0,9374000,1.942,93740000000,21.7,1.3,556.0,Landkreis,2.685420183948419,9374000,4.2,1.1,57.8,2.0,0.0,0.6,3.3,3.6,1.0,9.7,2.0632724604084514
163,163,"Neu-Ulm, LK",Bayern,34.9,9775000,1.92,97750000000,20.7,0.8,465.0,Landkreis,2.387635267852047,9775000,5.5,1.1,54.1,2.4,0.0,0.7,3.3,4.7,2.1,13.6,2.536698037535854
164,164,"Neuwied, LK",Rheinland-Pfalz,40.0,7138000,2.109,71380000000,22.9,2.6,1.998,Landkreis,2.232157093859157,7138000,4.4,1.1,58.1,3.3,0.1,1.3,5.3,3.4,4.1,11.7,2.6061102851935374
165,165,"Nienburg (Weser), LK",Niedersachsen,44.9,3256000,1.773,32560000000,22.9,2.5,1.328,Landkreis,2.3780976371146947,3256000,2.3,0.7,58.3,1.7,0.1,1.2,5.6,2.7,4.6,10.9,1.9035581998916506
166,166,"Nordfriesland, LK",Schleswig-Holstein,46.7,1054000,2.225,10540000000,24.9,2.8,1.915,Landkreis,2.4076027605702204,1054000,3.5,1.3,59.0,1.3,0.1,0.3,1.0,0.6,3.0,7.6,1.4549111998622537
167,167,"Nordhausen, LK",Th�ringen,53.1,16062000,1.933,160620000000,27.9,3.6,870.0,Landkreis,3.639393651124942,16062000,3.0,0.8,61.3,1.5,0.0,0.7,3.3,2.4,2.3,8.5,1.6240382959780613
168,168,"Nordsachsen, LK",Sachsen,50.3,14730000,1.621,147300000000,26.700000000000003,3.7,1.17,Landkreis,2.750780190727964,14730000,2.4,0.8,63.6,1.1,0.1,2.2,7.8,5.1,4.7,11.8,2.329691246813568
169,169,"Nordwestmecklenburg, LK",Mecklenburg-Vorpommern,51.9,13074000,1.712,130740000000,25.1,3.5,1.256,Landkreis,2.6901577580480214,13074000,2.1,0.7,61.6,1.7,0.1,0.8,1.4,1.3,3.6,9.2,1.56301681092227
170,170,"Northeim, LK",Niedersachsen,45.0,3155000,1.785,31550000000,26.2,3.0,1.312,Landkreis,2.530763730573164,3155000,3.9,0.8,58.1,2.0,0.0,0.8,3.5,2.4,2.5,10.0,1.8519794724486496
171,171,"N�rnberger Land, LK",Bayern,32.1,9574000,1.881,95740000000,23.0,0.9,735.0,Landkreis,2.699612504726661,9574000,5.8,1.3,58.0,1.9,0.0,1.3,4.7,4.9,1.5,11.8,2.538099647655164
172,172,"Oberallg�u, LK",Bayern,40.3,9780000,1.925,97800000000,23.2,0.8,1.262,Landkreis,2.0867654135216283,9780000,23.2,2.3,44.5,3.2,0.0,0.2,0.7,1.2,0.1,3.0,2.117622911233459
173,173,"Oberbergischer Kreis, LK",Nordrhein-Westfalen,40.1,5374000,2.0,53740000000,22.0,3.2,3.176,Landkreis,2.297230185770885,5374000,10.6,1.5,54.9,3.3,0.1,1.1,3.1,2.1,2.8,10.2,2.5020966407552527
174,174,"Oberhavel, LK",Brandenburg,45.3,12065000,1.868,120650000000,23.8,2.7,127.0,Landkreis,2.5412511562534785,12065000,1.7,0.6,63.5,1.4,0.2,1.4,5.7,3.4,3.7,9.7,1.836898252554395
175,175,"Oberspreewald-Lausitz, LK",Brandenburg,47.8,12066000,1.822,120660000000,29.8,4.2,464.0,Landkreis,3.280524271711202,12066000,2.6,0.8,63.6,1.2,0.3,2.7,8.1,5.2,4.7,11.9,2.468986620135311
176,176,"Odenwaldkreis, LK",Hessen,42.0,6437000,1.872,64370000000,24.6,2.6,973.0,Landkreis,3.35213604653451,6437000,7.1,1.1,58.5,2.8,0.1,1.9,3.8,4.8,2.8,12.1,2.789438789008857
177,177,"Oder-Spree, LK",Brandenburg,45.9,12067000,1.721,120670000000,27.8,4.0,571.0,Landkreis,3.295038239316618,12067000,2.1,0.8,64.2,1.0,0.3,2.0,7.4,4.5,4.3,11.2,2.1619862337738693
178,178,"Offenbach, LK",Hessen,32.4,6438000,2.427,64380000000,21.6,2.2,2.157,Landkreis,1.9480501116295952,6438000,4.1,1.0,60.2,2.9,0.2,2.9,7.3,6.0,4.5,12.2,3.109731898756504
179,179,"Oldenburg, LK",Niedersachsen,42.0,3458000,1.713,34580000000,22.0,1.4,358.0,Landkreis,2.5531708924038177,3458000,2.5,0.7,57.2,2.1,0.1,0.8,3.8,2.0,5.0,9.9,1.7803813429419746
180,180,"Olpe, LK",Nordrhein-Westfalen,34.4,5966000,2.146,59660000000,21.3,1.9,781.0,Landkreis,2.7899728947771334,5966000,9.1,1.2,54.4,2.7,0.0,0.4,1.8,1.6,1.2,8.3,1.9209833108655756
181,181,"Ortenaukreis, LK",Baden-W�rttemberg,37.4,8317000,2.03,83170000000,21.6,1.4,389.0,Landkreis,2.42434778961061,8317000,10.1,1.6,55.6,3.4,0.2,3.4,6.7,6.6,7.9,13.7,3.7459395302348826
182,182,"Osnabr�ck, LK",Niedersachsen,39.5,3459000,1.717,34590000000,21.4,1.6,1.381,Landkreis,2.1509070799287877,3459000,3.3,0.7,57.7,2.5,0.1,1.1,4.3,2.5,4.9,11.1,2.0633428033882217
183,183,"Ostalbkreis, LK",Baden-W�rttemberg,35.6,8136000,2.331,81360000000,21.4,1.5,857.0,Landkreis,2.808092301306785,8136000,5.8,1.2,56.5,3.0,0.0,1.3,3.5,4.2,1.8,11.8,2.676066378575418
184,184,"Ostallg�u, LK",Bayern,39.4,9777000,2.07,97770000000,21.7,1.0,1.166,Landkreis,2.017313600467797,9777000,13.3,1.7,47.5,2.6,0.0,0.3,1.1,1.9,0.4,6.4,2.0163447687920746
185,185,"Osterholz, LK",Niedersachsen,39.0,3356000,1.777,33560000000,24.0,1.4,2.481,Landkreis,2.1861365749071444,3356000,2.7,0.8,56.7,2.3,0.1,0.8,3.3,1.8,5.5,9.5,1.824680621873937
186,186,"Ostholstein, LK",Schleswig-Holstein,44.3,1055000,1.878,10550000000,28.3,2.5,1.134,Landkreis,2.5062956735327715,1055000,2.4,0.8,60.5,1.1,0.1,0.6,1.2,0.7,4.1,8.4,1.3078376777997556
187,187,"Ostprignitz-Ruppin, LK",Brandenburg,49.0,12068000,1.932,120680000000,27.2,2.8,427.0,Landkreis,3.0095244416809392,12068000,1.5,0.6,64.0,1.8,0.1,1.2,5.1,2.9,3.8,9.6,1.8294970161977833
188,188,"Paderborn, LK",Nordrhein-Westfalen,44.5,5774000,1.932,57740000000,19.2,2.8,844.0,Landkreis,3.113705572394134,5774000,4.6,1.1,56.5,1.9,0.1,1.4,3.5,2.6,2.7,10.1,2.105192676770858
189,189,"Passau, LK",Bayern,42.6,9275000,1.756,92750000000,23.200000000000003,1.0,882.0,Landkreis,3.077447263984117,9275000,7.1,1.4,54.4,1.9,0.0,1.5,4.4,6.4,3.5,14.7,2.965826435521735
190,190,"Peine, LK",Niedersachsen,42.1,3157000,1.693,31570000000,21.8,2.2,1.602,Landkreis,2.2800157467426363,3157000,2.4,0.7,60.3,1.6,0.1,1.5,5.1,3.2,3.6,10.7,1.984138707956946
191,191,"Pfaffenhofen an der Ilm, LK",Bayern,32.2,9186000,1.836,91860000000,18.8,0.5,512.0,Landkreis,2.315626669582445,9186000,5.0,1.2,55.9,2.3,0.0,1.1,4.9,6.1,3.4,15.3,2.8969081635652763
192,192,"Pinneberg, LK",Schleswig-Holstein,36.0,1056000,1.979,10560000000,22.4,2.2,1.974,Landkreis,2.1300641263307027,1056000,3.0,1.0,56.2,2.0,0.1,0.8,3.3,1.7,4.4,9.5,1.828714319310933
193,193,"Pl�n, LK",Schleswig-Holstein,41.0,1057000,1.743,10570000000,26.9,2.0,1.61,Landkreis,2.3802791826049923,1057000,2.7,0.8,59.2,1.3,0.1,0.5,1.5,0.8,3.5,8.0,1.3235336113455878
194,194,"Potsdam-Mittelmark, LK",Brandenburg,42.9,12069000,1.868,120690000000,23.6,2.1,373.0,Landkreis,2.676184235791105,12069000,1.8,0.8,64.3,1.3,0.1,1.9,8.2,4.3,3.7,10.9,2.1729613134609167
195,195,"Prignitz, LK",Brandenburg,49.6,12070000,1.979,120700000000,29.3,4.3,267.0,Landkreis,3.075602909191261,12070000,1.7,0.6,62.1,1.9,0.0,1.2,5.7,2.7,3.2,9.7,1.8362704152125617
196,196,"Rastatt, LK",Baden-W�rttemberg,36.6,8216000,2.051,82160000000,22.4,1.4,521.0,Landkreis,2.5633929665306576,8216000,11.7,1.3,55.7,3.0,0.2,4.4,7.5,7.0,8.8,13.3,3.7385125714453697
197,197,"Ravensburg, LK",Baden-W�rttemberg,38.1,8436000,2.072,84360000000,20.5,1.1,546.0,Landkreis,2.521100816785848,8436000,10.7,2.0,51.1,2.7,0.0,0.5,2.4,3.8,1.2,12.3,2.7793860422729817
198,198,"Recklinghausen, LK",Nordrhein-Westfalen,45.3,5562000,2.138,55620000000,23.5,5.9,3.724,Landkreis,2.7019621355413115,5562000,4.0,1.0,58.3,2.5,0.2,1.9,5.8,3.6,6.6,11.1,2.477077112704152
199,199,"Regen, LK",Bayern,46.7,9276000,1.934,92760000000,23.4,1.1,1.064,Landkreis,2.2366734443722773,9276000,10.2,1.5,52.2,2.6,0.0,0.3,1.3,2.2,0.5,7.4,2.0233948151974435
200,200,"Regensburg, LK",Bayern,38.7,9375000,1.718,93750000000,20.4,0.7,532.0,Landkreis,2.5454174453857337,9375000,3.7,0.9,56.8,2.1,0.0,1.2,5.9,5.8,3.2,13.3,2.5849317988064793
201,201,Regionalverband Saarbr�cken,Saarland,47.4,10041000,2.151,100410000000,23.7,5.3,4.021,Landkreis,2.6766531898369923,10041000,5.5,1.2,62.0,3.6,0.2,2.3,5.9,6.0,4.6,12.4,3.2576127902435337
202,202,Region Hannover,Niedersachsen,45.1,3241000,2.257,32410000000,21.5,4.4,3.195,Landkreis,2.448197379317854,3241000,2.6,0.8,59.4,1.6,0.1,1.3,4.9,3.0,4.1,10.7,1.9654127768048748
203,203,"Rems-Murr-Kreis, LK",Baden-W�rttemberg,30.3,8119000,2.016,81190000000,21.6,1.7,373.0,Landkreis,2.3186222177163818,8119000,6.2,1.4,55.9,2.8,0.0,1.9,5.0,6.0,4.2,13.8,3.1589950822907875
204,204,"Rendsburg-Eckernf�rde, LK",Schleswig-Holstein,39.9,1058000,1.752,10580000000,24.200000000000003,1.9,1.008,Landkreis,2.266745850222953,1058000,3.3,0.9,57.7,1.6,0.1,0.4,1.8,0.9,2.7,8.3,1.4481839962371756
205,205,"Reutlingen, LK",Baden-W�rttemberg,34.4,8415000,1.927,84150000000,21.2,1.8,733.0,Landkreis,2.773666801732763,8415000,5.7,1.4,53.9,3.1,0.0,1.1,1.9,3.1,0.9,9.9,2.5080847181451293
206,206,"Rhein-Erft-Kreis, LK",Nordrhein-Westfalen,37.9,5362000,1.889,53620000000,21.9,4.0,2.073,Landkreis,2.365637643687343,5362000,2.6,0.8,59.6,3.0,0.2,2.1,6.5,4.6,6.2,12.1,2.7228502345465926
207,207,"Rheingau-Taunus-Kreis, LK",Hessen,35.6,6439000,2.01,64390000000,23.8,2.4,1.824,Landkreis,2.1800601683866923,6439000,3.0,1.0,61.4,3.0,0.1,1.0,3.7,3.5,2.3,10.1,2.3486360811191043
208,208,"Rhein-Hunsr�ck-Kreis, LK",Rheinland-Pfalz,39.0,7140000,1.644,71400000000,23.7,1.7,583.0,Landkreis,2.8264319241380806,7140000,3.2,0.8,60.2,2.8,0.0,0.8,3.2,2.8,2.3,9.9,2.082480293466712
209,209,"Rheinisch-Bergischer Kreis, LK",Nordrhein-Westfalen,32.1,5378000,1.925,53780000000,23.9,3.5,1.349,Landkreis,2.259576053421302,5378000,7.6,1.2,55.8,3.4,0.2,2.1,5.0,3.4,4.2,11.9,2.842165576875428
210,210,"Rhein-Kreis Neuss, LK",Nordrhein-Westfalen,32.0,5162000,1.764,51620000000,22.5,3.1,1.335,Landkreis,2.2060860508079663,5162000,3.0,0.9,59.9,2.6,0.4,2.4,6.8,4.4,6.1,12.6,2.7366873286046056
211,211,"Rhein-Lahn-Kreis, LK",Rheinland-Pfalz,40.7,7141000,1.607,71410000000,24.0,1.0,1.889,Landkreis,2.207556872657056,7141000,3.1,1.0,60.1,2.8,0.0,1.1,5.4,3.9,3.8,10.9,2.4142209357506124
212,212,"Rhein-Neckar-Kreis, LK",Baden-W�rttemberg,35.0,8226000,2.075,82260000000,22.3,1.9,644.0,Landkreis,2.7066304606307017,8226000,5.4,1.2,59.5,2.7,0.4,3.7,8.2,7.7,6.5,13.8,3.596572512063296
213,213,"Rhein-Pfalz-Kreis, LK",Rheinland-Pfalz,28.6,7338000,1.556,73380000000,23.3,2.2,872.0,Landkreis,2.9971022329954407,7338000,4.3,1.0,61.1,2.4,0.4,3.8,9.0,7.7,7.5,13.9,3.46374764298523
214,214,"Rhein-Sieg-Kreis, LK",Nordrhein-Westfalen,36.2,5382000,1.912,53820000000,22.3,3.1,3.135,Landkreis,2.2448549161654223,5382000,4.3,1.2,58.1,3.2,0.1,1.9,5.8,3.9,4.9,11.8,2.8068497263973056
215,215,"Rh�n-Grabfeld, LK",Bayern,42.8,9673000,1.636,96730000000,23.3,1.1,983.0,Landkreis,3.2226551911825947,9673000,3.8,0.8,60.0,2.1,0.0,0.9,3.9,2.8,1.4,9.3,1.8997071842230147
216,216,"Rosenheim, LK",Bayern,34.2,9187000,1.86,91870000000,22.0,0.9,919.0,Landkreis,2.897727483828891,9187000,13.1,1.9,47.8,2.1,0.0,0.9,3.5,5.3,3.1,11.8,2.8141338994368366
217,217,"Rostock, LK",Mecklenburg-Vorpommern,51.8,13072000,1.533,130720000000,25.5,2.7,491.0,Landkreis,3.1464572648635194,13072000,2.2,0.6,62.2,1.2,0.0,0.8,2.5,1.5,3.3,9.1,1.4175270557998312
218,218,"Rotenburg (W�mme), LK",Niedersachsen,43.5,3357000,1.699,33570000000,22.0,1.7,1.231,Landkreis,2.254131437915728,3357000,2.7,0.9,56.4,1.8,0.1,0.8,3.9,2.1,5.0,9.9,1.8074035461260967
219,219,"Roth, LK",Bayern,36.8,9576000,1.824,95760000000,21.700000000000003,0.8,530.0,Landkreis,2.537207031486941,9576000,3.9,0.9,58.5,2.1,0.0,1.3,5.8,5.4,2.0,12.0,2.4811816780685287
220,220,"Rottal-Inn, LK",Bayern,41.3,9277000,1.823,92770000000,21.9,1.6,1.255,Landkreis,2.1750967656384472,9277000,5.9,1.3,54.6,2.1,0.0,1.3,4.6,6.2,3.2,15.9,2.979191601678153
221,221,"Rottweil, LK",Baden-W�rttemberg,34.9,8325000,1.982,83250000000,21.6,0.9,138.0,Landkreis,2.0810751371912426,8325000,8.2,1.3,55.3,3.2,0.0,0.7,2.1,3.3,1.2,9.1,2.385354066664147
222,222,"Saale-Holzland-Kreis, LK",Th�ringen,50.2,16074000,1.708,160740000000,27.4,2.1,936.0,Landkreis,3.5228343753101035,16074000,3.2,0.8,60.9,1.2,0.0,1.3,5.3,3.8,2.7,11.1,1.9859382283648093
223,223,"Saalekreis, LK",Sachsen-Anhalt,51.1,15088000,1.539,150880000000,26.8,3.3,697.0,Landkreis,3.4462745833809034,15088000,2.1,0.7,64.5,1.2,0.1,2.0,6.9,5.0,4.4,11.0,2.211693522986406
224,224,"Saale-Orla-Kreis, LK",Th�ringen,51.7,16075000,1.766,160750000000,28.200000000000003,2.2,753.0,Landkreis,3.3865332593037847,16075000,3.6,1.0,58.2,1.3,0.0,0.6,2.8,2.2,1.2,9.4,1.6743508497851916
225,225,"Saalfeld-Rudolstadt, LK",Th�ringen,51.8,16073000,1.755,160730000000,30.2,2.8,579.0,Landkreis,3.33996939030974,16073000,3.7,1.0,58.6,1.4,0.0,0.6,2.9,2.5,1.3,8.9,1.7028812274535001
226,226,"Saarlouis, LK",Saarland,42.3,10044000,1.705,100440000000,25.1,3.2,1.726,Landkreis,2.489535523570088,10044000,5.1,1.3,61.4,3.7,0.2,2.0,5.9,5.1,4.8,11.4,3.1031049601249796
227,227,"Saarpfalz-Kreis, LK",Saarland,41.7,10045000,1.812,100450000000,25.9,2.5,2.735,Landkreis,2.404293062233096,10045000,5.6,1.2,61.0,3.6,0.1,2.0,5.1,5.5,4.1,12.4,3.141317996463953
228,228,"S�chsische Schweiz-Osterzgebirge, LK",Sachsen,50.9,14628000,1.589,146280000000,28.1,2.4,635.0,Landkreis,3.309258445192046,14628000,4.8,1.1,57.9,1.1,0.1,1.5,4.3,3.1,2.6,8.9,1.9203670223711677
229,229,"Salzlandkreis, LK",Sachsen-Anhalt,54.2,15089000,1.574,150890000000,29.0,3.6,1.747,Landkreis,2.887873664646659,15089000,1.9,0.7,65.4,1.0,0.1,1.7,7.1,4.5,4.1,10.5,2.018017776825873
230,230,"Schaumburg, LK",Niedersachsen,43.4,3257000,1.648,32570000000,25.0,2.4,2.271,Landkreis,2.430675908282252,3257000,3.2,0.8,57.5,2.0,0.2,1.3,4.4,2.8,3.6,10.8,2.043614747248225
231,231,"Schleswig-Flensburg, LK",Schleswig-Holstein,43.4,1059000,1.808,10590000000,24.5,3.2,1.37,Landkreis,2.4689231173076407,1059000,3.7,0.9,58.9,1.5,0.1,0.3,1.1,0.5,2.3,7.3,1.2992658082723345
232,232,"Schmalkalden-Meiningen, LK",Th�ringen,50.4,16066000,1.699,160660000000,27.700000000000003,2.0,332.0,Landkreis,2.914281485054601,16066000,3.6,0.9,58.5,2.1,0.0,0.5,2.0,2.1,0.8,8.1,1.7128657310000461
233,233,"Schw�bisch Hall, LK",Baden-W�rttemberg,37.1,8127000,1.93,81270000000,20.0,1.3,866.0,Landkreis,2.86472155505552,8127000,5.5,1.2,58.6,3.1,0.0,1.8,4.2,4.9,2.3,11.5,2.860517745329016
234,234,"Schwalm-Eder-Kreis, LK",Hessen,41.9,6634000,1.918,66340000000,23.9,1.4,2.671,Landkreis,2.204771026771252,6634000,3.1,0.9,61.1,2.1,0.0,0.7,2.9,2.8,1.8,9.5,1.9158745207228318
235,235,"Schwandorf, LK",Bayern,42.5,9376000,1.826,93760000000,21.3,1.0,1.115,Landkreis,2.1116775719276597,9376000,3.9,0.9,56.8,1.8,0.0,1.0,4.7,5.1,1.5,11.6,2.292637294797979
236,236,"Schwarzwald-Baar-Kreis, LK",Baden-W�rttemberg,37.1,8326000,1.985,83260000000,22.8,1.6,415.0,Landkreis,2.5127025477003784,8326000,10.6,1.3,54.3,3.4,0.0,0.3,1.1,1.8,0.4,7.0,2.057127948630727
237,237,"Schweinfurt, LK",Bayern,37.8,9678000,1.774,96780000000,22.7,0.8,356.0,Landkreis,2.419004653489809,9678000,2.5,0.8,61.4,1.9,0.0,1.9,7.1,5.1,2.7,11.7,2.455391526925613
238,238,"Segeberg, LK",Schleswig-Holstein,37.1,1060000,1.952,10600000000,22.200000000000003,2.3,1.244,Landkreis,2.1594862472894425,1060000,3.4,0.8,56.7,1.7,0.1,0.6,2.9,1.5,3.0,8.9,1.572410748407309
239,239,"Siegen-Wittgenstein, LK",Nordrhein-Westfalen,40.2,5970000,2.015,59700000000,22.3,2.8,1.94,Landkreis,2.2595726231551825,5970000,9.2,1.3,56.1,2.9,0.0,0.4,1.7,1.6,1.0,7.7,1.9763663336399027
240,240,"Sigmaringen, LK",Baden-W�rttemberg,39.3,8437000,1.909,84370000000,21.3,1.2,296.0,Landkreis,2.3583399196823103,8437000,5.1,1.3,53.5,2.9,0.0,0.3,1.7,2.9,0.4,10.1,2.2490409207161126
241,241,"Soest, LK",Nordrhein-Westfalen,40.9,5974000,1.949,59740000000,22.1,3.1,1.233,Landkreis,2.3121741743499173,5974000,4.4,0.9,57.3,2.2,0.1,1.7,4.5,3.2,4.1,11.0,2.2710252016848718
242,242,"S�mmerda, LK",Th�ringen,51.3,16068000,1.702,160680000000,26.2,3.2,1.257,Landkreis,2.6815410173388186,16068000,2.1,0.6,63.9,1.2,0.0,1.5,6.4,4.8,3.6,10.9,2.041235159731059
243,243,"Sonneberg, LK",Th�ringen,50.8,16072000,1.692,160720000000,29.2,1.6,811.0,Landkreis,3.408957630968044,16072000,7.9,1.4,56.4,2.3,0.0,0.4,1.7,1.6,0.7,8.0,1.8948445945094678
244,244,"Spree-Nei�e, LK",Brandenburg,47.3,12071000,1.832,120710000000,29.6,3.4,1.15,Landkreis,2.706747645454011,12071000,2.5,0.9,63.4,1.1,0.4,2.2,8.5,5.0,4.4,12.1,2.379532397666713
245,245,"Stade, LK",Niedersachsen,39.3,3359000,1.729,33590000000,21.9,3.3,1.042,Landkreis,2.3462316080402816,3359000,2.7,0.9,55.9,2.1,0.1,0.8,3.1,1.8,4.5,9.6,1.8264922160768355
246,246,St�dteregion Aachen,Nordrhein-Westfalen,47.3,5334000,2.132,53340000000,20.8,4.7,2.998,Landkreis,2.525365614426629,5334000,5.4,1.0,57.3,3.1,0.1,1.5,2.8,2.7,3.2,10.1,2.3785307976263974
247,247,"Starnberg, LK",Bayern,15.4,9188000,2.153,91880000000,23.4,1.1,376.0,Landkreis,2.0172440661548663,9188000,9.2,1.8,50.8,2.5,0.0,0.4,2.9,3.7,1.3,14.0,2.714898853094461
248,248,"Steinburg, LK",Schleswig-Holstein,42.8,1061000,1.943,10610000000,23.3,3.1,1.274,Landkreis,2.382874013429125,1061000,3.7,1.0,56.0,1.9,0.1,0.6,2.7,1.4,4.1,9.1,1.7073968267966855
249,249,"Steinfurt, LK",Nordrhein-Westfalen,41.0,5566000,1.882,55660000000,20.6,2.2,1.042,Landkreis,2.1842351296565554,5566000,3.1,0.8,58.4,2.6,0.1,1.2,4.8,2.8,4.9,11.3,2.1966259517300175
250,250,"Stendal, LK",Sachsen-Anhalt,53.0,15090000,1.57,150900000000,27.3,4.8,1.122,Landkreis,2.948006548376247,15090000,1.6,0.7,63.9,1.9,0.1,1.7,7.6,3.5,3.5,10.4,2.111408581423574
251,251,"Stormarn, LK",Schleswig-Holstein,31.5,1062000,1.98,10620000000,23.6,1.4,528.0,Landkreis,2.531210624391993,1062000,2.9,0.6,57.6,2.1,0.0,0.7,3.2,1.8,3.0,9.0,1.6407353046165993
252,252,"Straubing-Bogen, LK",Bayern,39.6,9278000,1.801,92780000000,20.3,0.9,736.0,Landkreis,2.769450814188388,9278000,5.2,1.2,55.7,2.0,0.0,1.5,4.9,5.9,3.1,13.6,2.7797319827481215
253,253,"St. Wendel, LK",Saarland,37.8,10046000,1.911,100460000000,26.1,1.6,2.259,Landkreis,2.2210450168844678,10046000,8.3,1.4,60.1,3.9,0.2,1.0,2.7,3.3,2.7,9.9,2.701941571231191
254,254,"S�dliche Weinstra�e, LK",Rheinland-Pfalz,36.6,7337000,1.648,73370000000,24.1,2.1,1.097,Landkreis,2.249512397897994,7337000,4.9,0.8,62.3,2.8,0.3,2.7,7.0,6.7,6.5,13.4,3.111638508476854
255,255,"S�dwestpfalz, LK",Rheinland-Pfalz,39.7,7340000,1.545,73400000000,26.4,1.8,1.403,Landkreis,2.362058328285294,7340000,5.7,1.0,60.0,3.4,0.0,1.8,4.9,5.4,4.8,12.1,2.9381753451005594
256,256,"Teltow-Fl�ming, LK",Brandenburg,46.5,12072000,1.916,120720000000,23.0,2.2,480.0,Landkreis,2.831128368933545,12072000,1.9,0.8,64.6,1.1,0.1,2.0,7.6,4.7,4.1,11.2,2.2087842633305197
257,257,"Tirschenreuth, LK",Bayern,43.9,9377000,3.221,93770000000,23.6,1.3,1.474,Landkreis,1.94347402788654,9377000,4.9,1.1,57.7,2.0,0.0,0.3,2.1,2.4,0.6,8.6,1.8010417060377373
258,258,"Traunstein, LK",Bayern,36.7,9189000,2.026,91890000000,23.2,1.0,595.0,Landkreis,2.625344387023344,9189000,15.7,2.0,47.6,2.1,0.0,1.0,3.1,4.1,2.2,11.5,2.721431826103755
259,259,"Trier-Saarburg, LK",Rheinland-Pfalz,41.1,7235000,1.571,72350000000,21.7,1.6,2.789,Landkreis,2.220424207743247,7235000,5.4,1.0,60.4,3.9,0.2,1.3,4.8,3.6,3.0,10.7,2.668953863404432
260,260,"T�bingen, LK",Baden-W�rttemberg,39.7,8416000,1.988,84160000000,18.3,1.2,626.0,Landkreis,2.593499420496383,8416000,4.0,1.0,57.2,2.2,0.0,1.7,5.1,6.4,2.6,12.1,2.747795744984651
261,261,"Tuttlingen, LK",Baden-W�rttemberg,35.2,8327000,2.044,83270000000,19.9,1.4,485.0,Landkreis,2.429036869826526,8327000,5.0,1.4,54.1,3.3,0.0,0.3,1.2,2.2,0.4,8.9,2.235868935280259
262,262,"Uckermark, LK",Brandenburg,50.5,12073000,1.991,120730000000,29.4,6.9,462.0,Landkreis,3.575234720774999,12073000,1.7,0.7,64.0,1.4,0.1,1.2,4.6,2.6,3.7,9.6,1.7432544232085638
263,263,"Uelzen, LK",Niedersachsen,46.1,3360000,1.964,33600000000,26.0,2.2,1.695,Landkreis,2.4188606151651038,3360000,2.2,0.5,60.0,1.5,0.0,0.8,4.9,2.9,3.8,9.9,1.6540159542077704
264,264,"Unna, LK",Nordrhein-Westfalen,43.8,5978000,2.044,59780000000,23.5,4.3,2.6,Landkreis,2.5183705385804376,5978000,3.6,0.8,58.0,2.2,0.2,1.9,5.5,3.8,6.1,11.2,2.3476329062359578
265,265,"Unstrut-Hainich-Kreis, LK",Th�ringen,52.5,16064000,1.899,160640000000,26.5,3.6,793.0,Landkreis,3.5161758759144117,16064000,2.6,0.7,61.5,1.1,0.0,0.9,3.6,2.9,2.6,9.7,1.6534374619412981
266,266,"Unterallg�u, LK",Bayern,36.5,9778000,1.827,97780000000,21.5,0.7,601.0,Landkreis,2.5862484254573896,9778000,7.8,1.5,51.6,2.5,0.0,0.5,2.5,3.5,1.1,12.9,2.5156072173997037
267,267,"Vechta, LK",Niedersachsen,37.9,3460000,1.738,34600000000,17.0,1.6,469.0,Landkreis,2.460633614311257,3460000,2.6,0.7,58.1,2.2,0.0,1.0,4.3,2.3,5.0,10.9,1.9374131211705072
268,268,"Verden, LK",Niedersachsen,38.5,3361000,1.907,33610000000,22.9,1.3,519.0,Landkreis,2.629315865447762,3361000,2.3,0.8,57.2,1.6,0.1,1.1,4.6,2.3,5.0,10.6,1.8397849394630414
269,269,"Viersen, LK",Nordrhein-Westfalen,37.0,5166000,1.859,51660000000,23.0,3.2,1.276,Landkreis,2.300195313847622,5166000,2.8,0.8,59.3,2.4,0.3,2.0,6.1,4.0,7.1,12.2,2.497372112263196
270,270,"Vogelsbergkreis, LK",Hessen,43.1,6535000,2.013,65350000000,25.3,1.4,1.812,Landkreis,2.2468086042956594,6535000,5.2,1.0,60.1,2.4,0.0,0.9,2.3,2.5,1.4,9.9,2.0593238044843125
271,271,"Vogtlandkreis, LK",Sachsen,52.7,14523000,1.658,145230000000,31.0,2.1,780.0,Landkreis,3.5269827864628005,14523000,4.0,1.2,57.0,1.3,0.0,0.5,2.5,1.9,1.1,8.7,1.6655501030997106
272,272,"Vorpommern-Greifswald, LK",Mecklenburg-Vorpommern,53.5,13075000,1.759,130750000000,26.8,4.4,1.469,Landkreis,2.858352907260856,13075000,1.9,0.8,63.5,1.2,0.1,0.9,2.1,1.6,4.3,10.0,1.5891571021212085
273,273,"Vorpommern-R�gen, LK",Mecklenburg-Vorpommern,53.6,13073000,1.693,130730000000,27.6,4.0,950.0,Landkreis,3.81502204925355,13073000,2.2,0.9,63.3,0.6,0.0,0.6,1.4,0.9,3.9,8.6,1.26716158727359
274,274,"Vulkaneifel, LK",Rheinland-Pfalz,41.9,7233000,1.766,72330000000,25.3,1.6,2.581,Landkreis,2.3005842146689703,7233000,5.0,0.7,59.4,3.2,0.0,0.4,1.4,1.5,1.0,7.9,1.7873358488822815
275,275,"Waldeck-Frankenberg, LK",Hessen,43.3,6635000,2.034,66350000000,23.9,1.4,2.89,Landkreis,2.205203580705482,6635000,3.6,0.8,60.9,2.0,0.0,0.4,2.0,2.0,1.4,8.4,1.632332993167282
276,276,"Waldshut, LK",Baden-W�rttemberg,36.4,8337000,1.888,83370000000,22.1,2.0,684.0,Landkreis,2.8164460374565543,8337000,14.6,1.8,54.7,3.4,0.0,0.6,2.8,3.3,1.4,8.4,2.589089908827099
277,277,"Warendorf, LK",Nordrhein-Westfalen,38.8,5570000,1.875,55700000000,21.9,2.6,665.0,Landkreis,2.9023109420755278,5570000,3.3,0.9,59.3,2.4,0.1,1.6,5.2,3.3,5.1,12.0,2.3700544685640375
278,278,"Wartburgkreis, LK",Th�ringen,49.1,16063000,1.773,160630000000,26.9,2.567167919799498,381.0,Landkreis,2.963759404967668,16063000,3.0,0.9,59.5,1.8,0.0,0.7,3.0,2.7,1.6,9.4,1.8269993154683164
279,279,"Weilheim-Schongau, LK",Bayern,37.0,9190000,2.075,91900000000,22.3,0.9,815.0,Landkreis,2.805328319421786,9190000,12.4,1.6,47.5,2.3,0.0,0.4,1.9,3.5,1.0,8.5,2.229953825608204
280,280,"Weimarer Land, LK",Th�ringen,52.1,16071000,1.747,160710000000,25.5,1.9,677.0,Landkreis,3.207052249368579,16071000,2.9,0.7,61.4,1.4,0.0,1.4,5.1,3.5,2.5,10.8,1.9573469567737138
281,281,"Wei�enburg-Gunzenhausen, LK",Bayern,40.9,9577000,1.786,95770000000,22.6,1.2,1.275,Landkreis,2.152811779833786,9577000,3.9,1.0,57.7,2.1,0.0,1.2,3.8,4.6,1.3,11.7,2.3952409299551904
282,282,"Werra-Mei�ner-Kreis, LK",Hessen,45.2,6636000,2.02,66360000000,26.1,2.4,2.568,Landkreis,2.416967826712332,6636000,3.7,0.9,58.8,2.3,0.0,0.5,2.8,2.3,1.4,9.6,1.8727589986519346
283,283,"Wesel, LK",Nordrhein-Westfalen,40.5,5170000,1.968,51700000000,24.3,3.8,2.669,Landkreis,2.445139755816059,5170000,3.0,0.9,59.3,2.8,0.4,1.9,6.3,3.6,5.9,12.0,2.5585988518345872
284,284,"Wesermarsch, LK",Niedersachsen,44.0,3461000,1.768,34610000000,24.200000000000003,3.5,2.4,Landkreis,2.5130358590900235,3461000,2.7,0.8,56.7,2.3,0.1,0.9,2.4,1.4,5.4,9.9,1.8221209773264628
285,285,"Westerwaldkreis, LK",Rheinland-Pfalz,37.2,7143000,1.687,71430000000,21.9,1.2,375.0,Landkreis,2.4661228816822574,7143000,6.4,1.2,57.6,3.5,0.0,1.0,3.4,2.3,2.6,9.8,2.398852044565952
286,286,"Wetteraukreis, LK",Hessen,36.2,6440000,2.016,64400000000,21.7,1.8,1.353,Landkreis,2.0602945394118946,6440000,3.4,1.1,61.4,2.9,0.1,2.0,6.3,4.8,3.8,11.3,2.785237108336588
287,287,"Wittenberg, LK",Sachsen-Anhalt,52.5,15091000,1.436,150910000000,29.9,3.3,1.682,Landkreis,2.8808465871897884,15091000,2.1,0.8,64.2,1.0,0.1,1.9,8.1,4.8,4.0,11.3,2.1828135302096854
288,288,"Wittmund, LK",Niedersachsen,48.5,3462000,1.83,34620000000,25.4,2.3,1.1,Landkreis,2.48206897809377,3462000,3.1,1.0,56.5,2.1,0.1,0.7,1.3,0.9,4.7,9.4,1.735009596042315
289,289,"Wolfenb�ttel, LK",Niedersachsen,43.2,3158000,1.81,31580000000,24.4,2.4,1.616,Landkreis,2.3743187930047016,3158000,2.5,0.7,60.3,1.3,0.1,1.5,4.6,3.3,3.1,10.9,1.9361091513066997
290,290,"Wunsiedel im Fichtelgebirge, LK",Bayern,45.6,9479000,1.938,94790000000,26.8,1.8,2.553,Landkreis,2.3963173756269973,9479000,5.6,1.0,57.3,2.0,0.0,0.2,1.6,1.5,0.6,8.3,1.6166501833117055
291,291,"W�rzburg, LK",Bayern,39.0,9679000,1.702,96790000000,22.5,0.7,712.0,Landkreis,2.799157850423277,9679000,2.6,0.8,61.9,2.4,0.0,2.2,6.7,5.7,3.1,12.5,2.7498472402454235
292,292,"Zollernalbkreis, LK",Baden-W�rttemberg,32.9,8417000,1.999,84170000000,22.6,1.8,583.0,Landkreis,2.6217584085188417,8417000,5.6,1.2,53.7,3.1,0.0,1.0,1.9,3.2,0.9,9.1,2.3653955585232596
293,293,"Zwickau, LK",Sachsen,51.6,14524000,1.676,145240000000,30.0,2.4,346.0,Landkreis,3.0671426353004216,14524000,3.8,1.1,58.1,1.2,0.1,1.5,4.5,3.6,2.1,10.4,2.0909335248342216
294,294,Amberg,Bayern,44.8,9361000,1.999,93610000000,23.9,2.0,672.0,kreisfreie Stadt,2.9829619895778485,9361000,4.8,1.1,58.4,2.1,0.0,0.8,4.4,4.1,1.4,11.1,2.2671022681936344
295,295,Ansbach,Bayern,40.2,9561000,2.068,95610000000,21.9,1.4,409.0,kreisfreie Stadt,2.495002576035784,9561000,3.4,0.9,60.1,2.5,0.0,1.6,4.0,4.8,1.8,11.2,2.5186587378579617
296,296,Aschaffenburg,Bayern,41.1,9661000,2.254,96610000000,21.2,2.1,650.0,kreisfreie Stadt,2.7717819888618904,9661000,4.8,1.1,59.3,2.8,0.0,2.0,5.2,5.4,3.6,12.0,2.8720597684351103
297,297,Augsburg,Bayern,49.0,9761000,2.28,97610000000,19.6,2.4,1.353,kreisfreie Stadt,2.233876494587402,9761000,5.9,1.2,54.0,2.4,0.0,0.8,4.0,5.1,2.2,14.6,2.7052849625607363
298,298,Baden-Baden,Baden-W�rttemberg,35.7,8211000,2.343,82110000000,26.3,2.4,540.0,kreisfreie Stadt,2.731316564868677,8211000,11.6,1.3,55.6,3.0,0.2,4.5,7.4,7.1,8.6,13.4,3.7755670484085684
299,299,Bamberg,Bayern,44.7,9461000,2.185,94610000000,19.4,1.8,145.0,kreisfreie Stadt,2.2516241216392343,9461000,3.6,1.0,59.6,1.9,0.0,1.6,5.8,4.7,2.6,12.0,2.455404650615869
300,300,Bayreuth,Bayern,45.0,9462000,2.095,94620000000,21.9,1.7,798.0,kreisfreie Stadt,3.0011906243595,9462000,5.2,1.3,57.5,1.9,0.0,0.8,3.2,3.1,1.4,10.5,2.1557829278637994
301,301,Berlin,Berlin,50.1,11000000,2.003987373737373,110000000000,19.2,4.7,282.4545505050507,kreisfreie Stadt,2.837275701114842,11000000,2.2,0.7,63.6,1.2,0.6,2.9,7.9,4.6,3.8,10.2,2.2945680521083998
302,302,Bielefeld,Nordrhein-Westfalen,49.2,5711000,2.354,57110000000,20.1,5.1,1.15,kreisfreie Stadt,2.5331882392747724,5711000,4.3,1.0,57.4,2.0,0.1,1.3,4.4,2.7,3.7,11.3,2.148838920875697
303,303,Bochum,Nordrhein-Westfalen,49.1,5911000,2.416,59110000000,22.6,5.5,4.833,kreisfreie Stadt,2.64062805166514,5911000,4.4,1.1,57.9,2.7,0.3,2.1,5.5,3.6,6.1,11.0,2.601437726514894
304,304,Bonn,Nordrhein-Westfalen,46.0,5314000,2.302,53140000000,18.4,4.6,5.731,kreisfreie Stadt,2.3865948080908064,5314000,4.1,1.2,58.4,3.1,0.1,1.9,6.0,4.0,4.9,11.8,2.794534455461345
305,305,Bottrop,Nordrhein-Westfalen,46.0,5512000,1.935,55120000000,23.200000000000003,4.8,2.74,kreisfreie Stadt,2.626415869030059,5512000,3.5,1.0,58.8,2.7,0.4,2.0,6.1,3.7,6.1,11.8,2.5974649230006848
306,306,Brandenburg an der Havel,Brandenburg,50.5,12051000,2.203,120510000000,28.0,3.8,301.0,kreisfreie Stadt,2.984843471980565,12051000,1.7,0.6,63.9,1.4,0.1,1.7,8.0,4.0,3.9,10.5,2.0123063468265867
307,307,Braunschweig,Niedersachsen,46.8,3101000,2.199,31010000000,21.2,2.5,1.167,kreisfreie Stadt,2.2706937275370964,3101000,2.2,0.8,60.4,1.6,0.1,1.3,5.2,3.2,3.6,10.7,1.9884012825520012
308,308,Bremen,"Bremen, BL",50.1,4011000,2.003987373737373,40110000000,21.1,6.3,282.4545505050507,kreisfreie Stadt,3.0698162948494656,4011000,2.7,0.9,57.0,2.0,0.1,1.0,3.4,1.8,5.1,10.0,1.8657079023513452
309,309,Bremerhaven,"Bremen, BL",53.8,4012000,2.003987373737373,40120000000,22.0,7.4,282.4545505050507,kreisfreie Stadt,3.28293211210536,4012000,3.1,0.9,55.9,2.2,0.1,0.7,2.3,1.3,5.2,9.6,1.7732226323812883
310,310,Chemnitz,Sachsen,54.1,14511000,2.007,145110000000,28.1,3.8,415.0,kreisfreie Stadt,3.2083719387822622,14511000,4.8,1.2,57.4,0.9,0.1,1.2,3.3,2.6,1.6,8.9,1.7999314418421042
311,311,Coburg,Bayern,44.0,9463000,3.161,94630000000,23.9,2.3,270.0,kreisfreie Stadt,2.348833952154727,9463000,3.4,1.1,58.5,2.0,0.0,1.0,5.3,3.8,2.0,10.0,2.18254948156174
312,312,Cottbus,Brandenburg,47.4,12052000,2.212,120520000000,26.700000000000003,3.8,1.081,kreisfreie Stadt,2.58549513448388,12052000,2.5,0.9,63.5,1.1,0.5,2.2,8.6,5.1,4.4,12.1,2.3910266505402764
313,313,Darmstadt,Hessen,45.3,6411000,2.969,64110000000,17.5,2.9,2.864,kreisfreie Stadt,2.016628897410655,6411000,3.4,0.9,60.4,2.7,0.3,3.4,9.0,7.2,5.4,12.7,3.2843667451988297
314,314,Delmenhorst,Niedersachsen,46.1,3401000,1.986,34010000000,22.3,5.8,1.231,kreisfreie Stadt,2.6988959753359367,3401000,2.4,0.8,57.8,2.2,0.1,1.0,3.9,2.1,5.0,10.3,1.9221885905786604
315,315,Dessau-Ro�lau,Sachsen-Anhalt,53.2,15001000,1.509,150010000000,32.5,4.3,41.0,kreisfreie Stadt,3.1051185910003856,15001000,2.1,0.8,64.3,1.1,0.1,1.9,7.9,4.8,4.0,11.3,2.206623054019209
316,316,Dortmund,Nordrhein-Westfalen,50.5,5913000,2.804,59130000000,20.700000000000003,7.1,3.846,kreisfreie Stadt,2.7014411936023555,5913000,4.3,1.0,57.8,2.7,0.2,2.0,5.3,3.4,6.0,11.1,2.5213154977133283
317,317,Dresden,Sachsen,52.5,14612000,2.229,146120000000,22.0,2.9,0.0,kreisfreie Stadt,2.431712216753728,14612000,3.8,1.0,60.1,1.1,0.2,2.2,6.2,4.0,3.7,10.5,2.212830034562551
318,318,Duisburg,Nordrhein-Westfalen,52.5,5112000,2.646,51120000000,20.7,7.2,2.951,kreisfreie Stadt,2.780262910886918,5112000,3.5,1.0,59.0,2.8,0.6,2.2,6.6,3.7,5.6,11.9,2.666442514037099
319,319,D�sseldorf,Nordrhein-Westfalen,40.4,5111000,2.723,51110000000,19.4,4.1,598.0,kreisfreie Stadt,2.7736241364056613,5111000,3.6,1.1,59.3,2.8,0.6,2.6,6.8,4.0,5.6,12.0,2.8287872870287547
320,320,Emden,Niedersachsen,44.8,3402000,2.219,34020000000,21.700000000000003,5.2,2.701,kreisfreie Stadt,2.544312583179648,3402000,2.9,1.0,56.6,1.9,0.1,0.7,1.9,1.1,5.3,9.3,1.7044266732180129
321,321,Erfurt,Th�ringen,52.7,16051000,2.115,160510000000,23.1,2.7,433.0,kreisfreie Stadt,2.908908205322056,16051000,3.2,0.7,61.2,1.3,0.0,1.2,4.3,3.5,2.3,10.0,1.846702699070633
322,322,Erlangen,Bayern,39.8,9562000,3.017,95620000000,17.7,2.1,824.0,kreisfreie Stadt,2.6593171901137875,9562000,3.3,0.9,60.1,1.8,0.1,2.0,7.1,6.5,2.5,12.6,2.709159075924223
323,323,Essen,Nordrhein-Westfalen,48.0,5113000,2.679,51130000000,21.700000000000003,6.4,5.209,kreisfreie Stadt,2.638007265332249,5113000,4.5,1.0,57.9,2.7,0.4,2.2,5.6,3.6,5.8,11.2,2.5894720706873455
324,324,Flensburg,Schleswig-Holstein,47.0,1001000,2.502,10010000000,20.1,4.6,596.0,kreisfreie Stadt,3.010769189535955,1001000,3.7,0.9,58.9,1.5,0.1,0.3,1.1,0.5,2.3,7.3,1.2992658082723345
325,325,Frankenthal (Pfalz),Rheinland-Pfalz,41.7,7311000,1.867,73110000000,23.0,4.2,5.808,kreisfreie Stadt,2.49602465306774,7311000,2.5,0.8,62.3,2.1,0.6,5.0,11.5,8.7,8.6,14.4,3.685361100962124
326,326,Frankfurt am Main,Hessen,46.1,6412000,3.986,64120000000,15.8,2.9,3.46,kreisfreie Stadt,1.7656101835984472,6412000,3.8,1.0,60.9,2.8,0.2,2.3,6.6,5.2,4.0,11.7,2.8465593883730405
327,327,Frankfurt (Oder),Brandenburg,48.9,12053000,2.144,120530000000,27.7,3.7,843.0,kreisfreie Stadt,3.498243063270851,12053000,2.0,0.8,64.3,0.8,0.3,2.0,7.1,4.3,4.4,10.8,2.0675691565981715
328,328,Freiburg im Breisgau,Baden-W�rttemberg,51.2,8311000,2.662,83110000000,17.2,2.8,1.213,kreisfreie Stadt,2.1641570621118182,8311000,10.1,1.7,55.3,3.7,0.2,2.8,5.7,5.2,5.2,11.5,3.451327382527224
329,329,F�rth,Bayern,43.9,9563000,2.219,95630000000,18.8,2.6,1.446,kreisfreie Stadt,2.154858543327035,9563000,3.0,0.9,60.7,1.8,0.1,2.2,7.0,6.3,2.2,12.4,2.713481494546844
330,330,Gelsenkirchen,Nordrhein-Westfalen,52.9,5513000,2.539,55130000000,20.7,9.1,4.673,kreisfreie Stadt,3.020487502820408,5513000,4.0,1.0,58.2,2.7,0.3,2.2,5.9,3.6,6.4,11.2,2.5894720706873455
331,331,Gera,Th�ringen,54.5,16052000,2.061,160520000000,30.5,3.9,746.0,kreisfreie Stadt,3.6220130639241854,16052000,3.0,0.8,61.4,1.1,0.0,1.7,5.4,4.3,3.2,11.1,2.098031341472121
332,332,Hagen,Nordrhein-Westfalen,48.9,5914000,2.336,59140000000,22.1,7.2,5.357,kreisfreie Stadt,2.826426517400697,5914000,6.3,1.1,56.2,2.5,0.1,1.4,3.8,2.6,4.1,10.6,2.277811724389906
333,333,Halle (Saale),Sachsen-Anhalt,55.1,15002000,1.769,150020000000,24.5,4.4,2.335,kreisfreie Stadt,2.8167279834564938,15002000,2.1,0.7,64.5,1.2,0.1,2.1,6.9,4.9,4.4,11.0,2.2198071132500976
334,334,Hamburg,Hamburg,43.7,2000000,2.003987373737373,20000000000,18.1,3.3,282.4545505050507,kreisfreie Stadt,2.537519521426169,2000000,2.6,0.9,57.5,1.9,0.1,1.2,3.6,2.3,3.8,9.1,1.885013900612719
335,335,Hamm,Nordrhein-Westfalen,48.6,5915000,2.133,59150000000,21.4,5.6,2.145,kreisfreie Stadt,2.6640697074225703,5915000,3.7,0.9,58.5,2.5,0.1,1.5,5.0,3.4,5.2,11.8,2.373845640205108
336,336,Heidelberg,Baden-W�rttemberg,42.9,8221000,2.522,82210000000,17.1,2.5,1.378,kreisfreie Stadt,2.0113273268976397,8221000,5.1,1.2,59.5,2.6,0.5,3.9,8.6,7.9,6.7,13.9,3.64091956122779
337,337,Heilbronn,Baden-W�rttemberg,43.1,8121000,2.407,81210000000,19.5,2.3,84.0,kreisfreie Stadt,2.172547794304289,8121000,4.5,1.1,59.2,2.5,0.1,3.2,8.1,7.4,6.8,14.2,3.396762753077243
338,338,Herne,Nordrhein-Westfalen,52.0,5916000,2.29,59160000000,21.9,6.6,4.549,kreisfreie Stadt,2.818199136445912,5916000,3.9,1.0,58.3,2.6,0.3,2.1,5.9,3.6,6.7,11.1,2.540102322788186
339,339,Hof,Bayern,46.7,9464000,2.128,94640000000,24.4,2.5,1.882,kreisfreie Stadt,2.3801843193955703,9464000,5.3,1.0,57.3,1.8,0.0,0.3,1.8,1.6,0.5,8.1,1.5882284697987141
340,340,Ingolstadt,Bayern,38.5,9161000,1.977,91610000000,18.7,1.3,0.0,kreisfreie Stadt,1.963307710523967,9161000,4.4,1.0,56.6,2.5,0.0,1.1,4.8,5.4,3.0,13.6,2.6759204431397747
341,341,Jena,Th�ringen,48.1,16053000,2.076,160530000000,21.9,2.9,58.0,kreisfreie Stadt,2.4420992803745563,16053000,3.1,0.7,61.2,1.3,0.0,1.4,5.3,3.7,2.7,11.1,1.9743830815684595
342,342,Kaiserslautern,Rheinland-Pfalz,46.1,7312000,2.528,73120000000,20.8,4.7,7.677,kreisfreie Stadt,2.4251838989326697,7312000,3.6,0.8,61.9,2.7,0.1,2.0,6.0,5.7,4.1,11.8,2.740393458732819
343,343,Karlsruhe,Baden-Württemberg,46.4,8212000,2.661,82120000000,19.1,2.2,1.518,kreisfreie Stadt,2.070654194092349,8212000,4.5,1.0,60.4,2.6,0.4,4.5,10.5,8.5,9.6,15.1,3.812004186982139
344,344,Kassel,Hessen,51.4,6611000,2.828,66110000000,19.9,3.7,2.572,kreisfreie Stadt,2.313470507118214,6611000,4.1,1.0,58.7,2.3,0.0,0.7,2.9,2.5,2.1,9.4,1.966536689638374
345,345,Kaufbeuren,Bayern,44.6,9762000,1.803,97620000000,22.7,1.8,633.0,kreisfreie Stadt,2.923553457496601,9762000,13.3,1.7,47.6,2.7,0.0,0.3,1.1,1.9,0.4,6.6,2.05205905450636
346,346,Kempten (Allg�u),Bayern,43.6,9763000,2.083,97630000000,22.5,1.2,11.0,kreisfreie Stadt,2.144592277916755,9763000,23.0,2.3,44.7,3.1,0.0,0.2,0.7,1.2,0.1,3.1,2.099765768376316
347,347,Kiel,Schleswig-Holstein,51.1,1002000,2.421,10020000000,19.0,4.6,2.25,kreisfreie Stadt,2.4659258515137865,1002000,3.1,0.9,58.2,1.5,0.1,0.5,1.7,0.9,2.9,8.3,1.4439823155649067
348,348,Koblenz,Rheinland-Pfalz,45.6,7111000,2.528,71110000000,22.1,3.1,3.329,kreisfreie Stadt,2.2749265025058887,7111000,4.2,1.1,59.5,2.9,0.0,1.1,4.8,3.1,3.5,10.5,2.365745173631672
349,349,K�ln,Nordrhein-Westfalen,47.0,5315000,2.827,53150000000,17.7,5.7,2.044,kreisfreie Stadt,2.38951703128952,5315000,3.3,1.1,57.9,3.0,0.7,2.9,7.5,4.9,6.7,11.8,3.026773378016874
350,350,Krefeld,Nordrhein-Westfalen,47.2,5114000,2.246,51140000000,22.2,7.1,2.679,kreisfreie Stadt,2.804701456950209,5114000,2.9,0.9,59.4,2.9,0.5,2.1,6.6,3.9,6.2,12.2,2.668011582444072
351,351,Landau in der Pfalz,Rheinland-Pfalz,40.9,7313000,1.899,73130000000,20.1,3.2,907.0,kreisfreie Stadt,3.1917295791293725,7313000,5.0,0.8,62.3,2.8,0.3,2.6,6.9,6.7,6.4,13.5,3.0979830462919797
352,352,Landshut,Bayern,40.4,9261000,2.143,92610000000,20.7,1.6,2.198,kreisfreie Stadt,2.0566769535558445,9261000,5.1,1.1,56.4,2.1,0.0,1.1,5.3,5.5,3.0,14.8,2.7070834330733797
353,353,Leipzig,Sachsen,56.6,14713000,2.159,147130000000,20.1,3.1,773.0,kreisfreie Stadt,3.267392495348953,14713000,2.5,0.8,62.8,1.1,0.2,2.2,7.5,5.0,4.6,11.5,2.300339851082862
354,354,Leverkusen,Nordrhein-Westfalen,42.6,5316000,2.359,53160000000,21.8,4.1,2.529,kreisfreie Stadt,2.357776704857925,5316000,5.4,1.2,57.1,2.8,0.5,2.5,6.0,3.9,5.2,11.9,2.8352110709351206
355,355,L�beck,Schleswig-Holstein,50.1,1003000,2.33,10030000000,23.5,4.3,2.245,kreisfreie Stadt,2.56885316701086,1003000,2.4,0.7,60.3,1.7,0.1,0.7,2.1,1.5,3.5,9.1,1.5604450925797604
356,356,Ludwigshafen am Rhein,Rheinland-Pfalz,44.9,7314000,2.242,73140000000,19.0,4.8,7.081,kreisfreie Stadt,2.421101419438948,7314000,2.5,0.8,62.2,2.1,0.6,5.1,11.5,8.7,8.5,14.4,3.7049689440993787
357,357,Magdeburg,Sachsen-Anhalt,54.8,15003000,1.793,150030000000,24.8,3.8,1.099,kreisfreie Stadt,2.748122512639206,15003000,1.8,0.8,64.8,1.5,0.1,1.7,7.0,4.0,3.6,10.7,2.134977154280003
358,358,Mainz,Rheinland-Pfalz,46.3,7315000,4.73,73150000000,18.0,2.8,4.238,kreisfreie Stadt,1.6673207615970778,7315000,2.3,0.8,63.3,2.6,0.4,3.1,9.5,6.6,5.8,11.7,3.0297661043427864
359,359,Mannheim,Baden-W�rttemberg,48.6,8222000,2.895,82220000000,18.3,3.9,1.709,kreisfreie Stadt,2.223178098771511,8222000,4.8,1.2,60.0,2.6,0.5,4.0,9.0,7.7,6.7,13.6,3.619681755760775
360,360,Memmingen,Bayern,39.9,9764000,2.086,97640000000,21.8,1.2,423.0,kreisfreie Stadt,2.475118026408374,9764000,9.2,1.7,51.4,2.5,0.0,0.6,2.4,3.7,1.2,12.6,2.6273029451660728
361,361,M�nchengladbach,Nordrhein-Westfalen,48.7,5116000,2.506,51160000000,21.3,6.0,2.945,kreisfreie Stadt,2.628759647233421,5116000,2.9,0.8,59.7,2.9,0.3,2.1,6.1,4.1,6.5,12.3,2.653474208274014
362,362,M�lheim an der Ruhr,Nordrhein-Westfalen,39.3,5117000,2.411,51170000000,24.1,6.0,9.364,kreisfreie Stadt,2.5728521109652447,5117000,4.2,1.1,58.3,2.9,0.7,2.7,6.5,3.9,5.3,11.5,2.8309484963400653
363,363,M�nchen,Bayern,40.1,9162000,3.707,91620000000,17.4,1.7,1.033,kreisfreie Stadt,1.6320224129026737,9162000,7.7,1.3,52.4,2.4,0.0,1.1,4.1,4.8,1.8,14.1,2.743342089459472
364,364,M�nster,Nordrhein-Westfalen,48.2,5515000,2.161,55150000000,17.7,2.9,2.476,kreisfreie Stadt,2.244267209658227,5515000,3.3,0.9,58.9,2.6,0.1,1.4,5.0,3.1,5.2,11.7,2.337612181304306
365,365,Neum�nster,Schleswig-Holstein,46.7,1004000,2.302,10040000000,23.0,4.8,1.445,kreisfreie Stadt,2.55391130219636,1004000,3.2,0.8,57.8,1.5,0.1,0.5,2.0,1.1,3.0,8.5,1.4353973223472298
366,366,Neustadt an der Weinstra�e,Rheinland-Pfalz,38.9,7316000,1.845,73160000000,25.0,3.2,1.786,kreisfreie Stadt,2.3969422591706104,7316000,4.0,0.8,62.7,3.0,0.3,2.5,6.8,6.4,5.5,13.0,3.0617495873911786
367,367,N�rnberg,Bayern,47.1,9564000,2.684,95640000000,20.3,2.5,2.941,kreisfreie Stadt,2.1483887771211734,9564000,4.1,1.0,59.1,2.0,0.0,1.4,6.0,5.7,2.0,12.2,2.566845778791277
368,368,Oberhausen,Nordrhein-Westfalen,48.2,5119000,2.276,51190000000,22.4,7.1,9.439,kreisfreie Stadt,2.828845993499656,5119000,3.3,1.0,59.0,2.8,0.6,2.2,6.6,3.8,5.8,11.9,2.6779367669106624
369,369,Offenbach am Main,Hessen,48.2,6413000,3.1,64130000000,16.5,5.2,2.93,kreisfreie Stadt,2.263133462053071,6413000,4.2,1.1,60.1,2.7,0.2,2.7,6.3,5.4,3.9,11.9,2.9795527656339904
370,370,Oldenburg (Oldenburg),Niedersachsen,46.6,3403000,2.338,34030000000,19.6,3.3,315.0,kreisfreie Stadt,2.5958907256866937,3403000,2.6,0.8,56.8,2.1,0.1,0.8,3.1,1.7,5.1,9.6,1.7715197023337073
371,371,Osnabr�ck,Niedersachsen,46.2,3404000,2.109,34040000000,18.8,4.0,3.665,kreisfreie Stadt,2.3748447804798585,3404000,3.2,0.9,58.0,2.6,0.1,1.1,4.5,2.6,4.9,11.3,2.1975078637152015
372,372,Passau,Bayern,45.0,9262000,2.077,92620000000,21.6,2.3,2.63,kreisfreie Stadt,2.256128965268064,9262000,7.1,1.4,54.4,1.9,0.0,1.5,4.5,6.4,3.5,14.7,2.965826435521735
373,373,Pforzheim,Baden-W�rttemberg,42.6,8231000,2.387,82310000000,20.3,3.3,811.0,kreisfreie Stadt,3.0382883900138973,8231000,7.8,1.3,56.6,2.7,0.0,2.2,3.5,4.9,2.6,11.1,2.863379759699982
374,374,Pirmasens,Rheinland-Pfalz,47.0,7317000,2.169,73170000000,26.0,6.5,10.241,kreisfreie Stadt,2.872607328510424,7317000,5.6,1.0,60.1,3.4,0.0,1.8,4.9,5.4,4.8,12.1,2.9381753451005594
375,375,Potsdam,Brandenburg,44.3,12054000,2.312,120540000000,19.8,2.7,306.0,kreisfreie Stadt,2.491669054322741,12054000,1.8,0.7,63.9,1.3,0.2,2.1,8.0,4.1,3.9,10.5,2.121900709309211
376,376,Regensburg,Bayern,45.9,9362000,2.696,93620000000,17.4,1.4,510.0,kreisfreie Stadt,2.4309416694020327,9362000,3.7,0.9,56.8,2.1,0.0,1.2,6.0,5.8,3.2,13.3,2.5849317988064793
377,377,Remscheid,Nordrhein-Westfalen,39.9,5120000,2.116,51200000000,22.1,4.0,5.852,kreisfreie Stadt,2.3627807127094465,5120000,9.6,1.3,55.3,3.2,0.2,1.5,3.8,2.6,3.3,10.9,2.568899898790101
378,378,Rosenheim,Bayern,41.2,9163000,2.064,91630000000,20.2,1.7,796.0,kreisfreie Stadt,2.887834115268704,9163000,13.0,1.8,47.8,2.0,0.0,0.9,3.6,5.4,3.2,11.8,2.7583403676313107
379,379,Rostock,Mecklenburg-Vorpommern,55.6,13003000,1.782,130030000000,24.5,3.6,486.0,kreisfreie Stadt,3.2249368644224763,13003000,2.2,0.7,62.3,1.2,0.0,0.8,2.4,1.5,3.3,9.0,1.4550529357170154
380,380,Salzgitter,Niedersachsen,44.4,3102000,1.963,31020000000,23.1,4.9,3.586,kreisfreie Stadt,2.6010887352789838,3102000,3.8,0.9,59.0,1.6,0.1,1.3,4.0,2.8,2.9,10.1,1.950188246213028
381,381,Schwabach,Bayern,37.2,9565000,2.045,95650000000,22.0,1.6,872.0,kreisfreie Stadt,2.9409229959618672,9565000,3.7,0.8,58.9,2.0,0.0,1.6,6.1,5.9,2.1,12.1,2.5361410681214016
382,382,Schweinfurt,Bayern,44.7,9662000,2.392,96620000000,24.0,3.0,305.0,kreisfreie Stadt,2.6391498689624817,9662000,2.5,0.8,61.5,1.9,0.0,1.9,7.1,5.0,2.7,11.7,2.4438972740520493
383,383,Schwerin,Mecklenburg-Vorpommern,49.8,13004000,2.063,130040000000,26.700000000000003,4.8,2.065,kreisfreie Stadt,2.770286088797888,13004000,2.0,0.6,61.5,1.8,0.1,0.8,3.1,2.0,3.1,9.7,1.6535697487390757
384,384,Solingen,Nordrhein-Westfalen,43.5,5122000,2.03,51220000000,21.6,4.4,4.686,kreisfreie Stadt,2.4724160843462237,5122000,7.1,1.3,56.5,3.0,0.3,2.3,5.0,3.4,4.2,11.6,2.811764285924265
385,385,Speyer,Rheinland-Pfalz,43.4,7318000,2.243,73180000000,23.5,3.5,2.833,kreisfreie Stadt,2.381555500148041,7318000,4.6,1.1,60.3,2.4,0.4,4.4,9.7,8.3,8.1,14.5,3.72955276563399
386,386,Straubing,Bayern,41.6,9263000,2.357,92630000000,21.8,2.2,1.91,kreisfreie Stadt,2.131113331535865,9263000,5.2,1.2,55.8,2.0,0.0,1.6,5.0,6.0,3.2,13.7,2.8167864597113206
387,387,Stuttgart,Baden-W�rttemberg,39.8,8111000,3.139,81110000000,18.3,2.7,0.0,kreisfreie Stadt,1.8825158017974848,8111000,4.9,1.2,57.1,2.9,0.1,2.4,5.4,6.5,4.2,13.1,3.2096918977486046
388,388,Suhl,Th�ringen,47.8,16054000,1.873,160540000000,33.5,2.9,275.0,kreisfreie Stadt,3.0458432873311625,16054000,4.0,1.0,58.4,2.1,0.0,0.7,2.3,2.1,1.0,8.3,1.8074644400488833
389,389,Trier,Rheinland-Pfalz,46.6,7211000,2.168,72110000000,18.4,3.3,6.716,kreisfreie Stadt,2.283666155330151,7211000,5.3,1.0,60.5,3.9,0.2,1.3,5.0,3.7,3.2,10.7,2.6804481162779954
390,390,Ulm,Baden-W�rttemberg,42.6,8421000,2.55,84210000000,18.8,1.3,745.0,kreisfreie Stadt,2.672401861969578,8421000,4.9,1.1,54.8,2.7,0.0,0.7,2.5,3.6,1.4,11.7,2.368594589259992
391,391,Weiden in der Oberpfalz,Bayern,46.5,9363000,2.109,93630000000,23.4,2.0,1.676,kreisfreie Stadt,2.295663149323961,9363000,4.2,1.1,57.8,2.0,0.0,0.6,3.3,3.6,1.0,9.7,2.0632724604084514
392,392,Weimar,Th�ringen,51.1,16055000,1.963,160550000000,23.9,3.0,841.0,kreisfreie Stadt,3.3829964508035477,16055000,2.9,0.7,61.4,1.4,0.0,1.4,5.1,3.5,2.5,10.9,1.9632993377260948
393,393,Wiesbaden,Hessen,41.8,6414000,2.714,64140000000,20.2,4.7,1.27,kreisfreie Stadt,2.285486864447689,6414000,2.6,0.9,62.6,2.8,0.3,2.3,7.3,5.4,4.5,11.2,2.796307728488697
394,394,Wilhelmshaven,Niedersachsen,46.7,3405000,2.151,34050000000,26.2,6.8,637.0,kreisfreie Stadt,3.545063838600213,3405000,3.0,0.9,56.0,2.3,0.1,0.7,1.4,1.0,4.6,9.6,1.7625493975701225
395,395,Wolfsburg,Niedersachsen,38.4,3103000,1.645,31030000000,22.6,2.5,1.844,kreisfreie Stadt,2.281885530969629,3103000,2.1,0.7,60.3,1.7,0.1,1.2,5.5,3.2,3.8,10.6,1.943172321402324
396,396,Worms,Rheinland-Pfalz,44.5,7319000,2.117,73190000000,21.0,4.2,5.138,kreisfreie Stadt,2.432260177851795,7319000,3.4,0.9,61.9,2.5,0.4,3.4,8.7,6.9,5.9,12.7,3.2022649389590923
397,397,Wuppertal,Nordrhein-Westfalen,48.4,5124000,2.467,51240000000,20.8,5.6,4.549,kreisfreie Stadt,2.574448246561526,5124000,8.4,1.2,56.0,3.0,0.2,1.7,4.0,2.7,3.6,10.8,2.52256014849718
398,398,W�rzburg,Bayern,45.0,9663000,2.196,96630000000,20.3,1.5,1.613,kreisfreie Stadt,2.103221949702079,9663000,2.6,0.8,62.0,2.4,0.0,2.2,6.8,5.7,3.2,12.5,2.7498472402454235
399,399,Zweibr�cken,Rheinland-Pfalz,45.6,7320000,2.285,73200000000,24.1,3.2,7.197,kreisfreie Stadt,2.400910159522299,7320000,5.6,1.1,60.3,3.5,0.1,1.8,5.0,5.5,4.6,12.3,3.0288621445579733
